id,dataset_doi,article_doi,source,retrieval_method,title,journal_url,pdf_url,is_oa
3,10.5061/dryad.05qfttf0n,,zenodo,,Fish mock community with 41 species from 13 orders,,,
4,10.5061/dryad.0rxwdbs2c,10.5281/zenodo.5898699,zenodo,excel,Exploration and diet specialization in eastern chipmunks - Québec - Canada,https://doi.org/10.5281/zenodo.5898699,,True
5,10.5061/dryad.121sk,10.1093/jhered/esx103,zenodo,excel,Data from: Paternity analysis of wood turtles (Glyptemys insculpta) reveals complex mating patterns,https://doi.org/10.1093/jhered/esx103,https://academic.oup.com/jhered/article-pdf/109/4/405/24800251/esx103.pdf,True
7,10.5061/dryad.12jm63xtw,,zenodo,,"Data from: 60 specific eDNA qPCR assays to detect invasive, threatened and exploited freshwater vertebrates and invertebrates in Eastern Canada",,,
9,10.5061/dryad.1771t,10.1371/journal.pone.0128238,dryad,excel,Data from: Resampling method for applying density-dependent habitat selection theory to wildlife surveys,https://doi.org/10.1371/journal.pone.0128238,https://journals.plos.org/plosone/article/file?id=10.1371/journal.pone.0128238&type=printable,True
10,10.5061/dryad.1c59zw3zf,,zenodo,,Occupancy modeling of habitat use by white-tailed deer after more than a decade of exclusion in the boreal forest,,,
11,10.5061/dryad.1cc4v,10.1371/journal.pone.0073695,zenodo,excel,Data from: Impacts of human disturbance on large prey species: do behavioral reactions translate to fitness consequences?,https://doi.org/10.1371/journal.pone.0073695,https://journals.plos.org/plosone/article/file?id=10.1371/journal.pone.0073695&type=printable,True
12,10.5061/dryad.24q6q70,10.1002/ece3.4685,zenodo,excel,"Data from: Natal habitat preference induction in large mammals – Like mother, like child?",https://doi.org/10.1002/ece3.4685,https://onlinelibrary.wiley.com/doi/pdfdirect/10.1002/ece3.4685,True
13,10.5061/dryad.24rj8,10.1639/0007-2745-119.1.008,dryad,excel,"Data from: Aspicilia bicensis (Megasporaceae), a new sterile, pustulose lichen from eastern Canada",,,False
16,10.5061/dryad.2b8f1,10.1111/mec.14361,dryad,excel,Data from: Do genetic drift and accumulation of deleterious mutations preclude adaptation? Empirical investigation using RADseq in a northern lacustrine fish,,,False
17,10.5061/dryad.2bvq83brd,10.22541/au.161832268.87346989/v1,zenodo,excel,Nonideal nest box selection by tree swallows breeding in farmlands: evidence for an ecological trap?,,,False
19,10.5061/dryad.2n5h6,10.1093/jhered/esw073,dryad,excel,Data from: The genetic signature of range expansion in a disease vector - the black-legged tick,https://doi.org/10.1093/jhered/esw073,https://academic.oup.com/jhered/article-pdf/108/2/176/19277745/esw073.pdf,True
20,10.5061/dryad.2v6wwpzqx,,zenodo,,Data from: Irregular forest structures originating after fire: an opportunity to promote alternatives to even-aged management in boreal forests,,,
24,10.5061/dryad.36634,10.1002/ece3.3906,zenodo,excel,"Data from: Influence of northern limit range on genetic diversity and structure in a widespread North American tree, sugar maple (Acer saccharum Marshall)",https://doi.org/10.1002/ece3.3906,https://www.onlinelibrary.wiley.com/doi/pdfdirect/10.1002/ece3.3906,True
25,10.5061/dryad.39jb0,10.1111/mec.12142,zenodo,excel,Data from: Population genetics of the American eel (Anguilla rostrata): FST = 0 and NAO effects on demographic fluctuations of a panmictic species,,http://www.bio.ulaval.ca/louisbernatchez/pdf/%28281%29%20Cote_MEC_13.pdf,False
27,10.5061/dryad.3nh72,10.1111/ddi.12496,dryad,excel,Data from: Patchy distribution and low effective population size raise concern for an at-risk top predator,https://doi.org/10.1111/ddi.12496,https://onlinelibrary.wiley.com/doi/pdfdirect/10.1111/ddi.12496,True
28,10.5061/dryad.3xsj3txdp,,zenodo,,Effects of different moose browsing pressures on the succession of plant communities within the herbaceous and saplings layers of a boreal forest,,,
29,10.5061/dryad.4767v,10.1002/ece3.1476,dryad,excel,"Data from: Ecological gradients driving the distribution of four Ericaceae in boreal Quebec, Canada",https://doi.org/10.1002/ece3.1476,https://onlinelibrary.wiley.com/doi/pdfdirect/10.1002/ece3.1476,True
30,10.5061/dryad.4k275,10.1186/s40462-016-0079-4,dryad,excel,"Data from: Caribou, water, and ice – fine-scale movements of a migratory arctic ungulate in the context of climate change",https://doi.org/10.1186/s40462-016-0079-4,https://movementecologyjournal.biomedcentral.com/track/pdf/10.1186/s40462-016-0079-4,True
31,10.5061/dryad.4k739,10.1111/eva.12028,dryad,excel,Data from: Reduced fitness of Atlantic salmon released in the wild after one generation of captive-breeding,https://doi.org/10.1111/eva.12028,https://onlinelibrary.wiley.com/doi/pdfdirect/10.1111/eva.12028,True
35,10.5061/dryad.612jm641c,,zenodo,,Integrating functional connectivity in designing networks of protected areas under climate change: a caribou case-study,,,
36,10.5061/dryad.62g52g4,10.1002/ece3.3947,dryad,excel,Data from: Characterizing the contribution of plasticity and genetic differentiation to community-level trait responses to environmental change,https://doi.org/10.1002/ece3.3947,https://doi.org/10.1002/ece3.3947,True
37,10.5061/dryad.63fr7,10.1002/ece3.1029,dryad,excel,Data from: Fitness dynamics within a poplar hybrid zone: I. Prezygotic and postzygotic barriers impacting a native poplar hybrid stand.,https://doi.org/10.1002/ece3.1029,https://onlinelibrary.wiley.com/doi/pdfdirect/10.1002/ece3.1029,True
38,10.5061/dryad.679s1dt,10.1371/journal.pone.0204445,zenodo,excel,Data from: Temporal dynamics in animal community assembly during post-logging succession in boreal forest,https://doi.org/10.1371/journal.pone.0204445,https://journals.plos.org/plosone/article/file?id=10.1371/journal.pone.0204445&type=printable,True
39,10.5061/dryad.67t23,10.1098/rspb.2014.0649,dryad,excel,Data from: Severe recent decrease of adult body mass in a declining insectivorous bird population,https://doi.org/10.1098/rspb.2014.0649,https://royalsocietypublishing.org/doi/pdf/10.1098/rspb.2014.0649,True
40,10.5061/dryad.686sq,10.1111/mec.13847,dryad,excel,Data from: Convergence in organ size but not energy metabolism enzyme activities among wild Lake Whitefish (Coregonus clupeaformis) species pairs,,,False
43,10.5061/dryad.6g53s,10.1111/1365-2664.12598,zenodo,excel,Data from: Quantifying relative fish abundance with eDNA: a promising tool for fisheries management,https://doi.org/10.1111/1365-2664.12598,https://onlinelibrary.wiley.com/doi/pdfdirect/10.1111/1365-2664.12598,True
46,10.5061/dryad.7163d,10.1111/mec.12500,dryad,excel,Data from: Parallel and nonparallel genome-wide divergence among replicate population pairs of freshwater and anadromous Atlantic salmon,,,False
47,10.5061/dryad.72602,10.1111/1365-2656.12645,zenodo,excel,Data from: Many places called home: the adaptive value of seasonal adjustments in range fidelity,,,False
48,10.5061/dryad.796t8,10.1002/ecs2.1788,zenodo,excel,Data from: Predator-mediated negative effects of overabundant snow geese on arctic-nesting shorebirds,https://doi.org/10.1002/ecs2.1788,https://esajournals.onlinelibrary.wiley.com/doi/pdfdirect/10.1002/ecs2.1788,True
51,10.5061/dryad.8134,10.1111/j.1420-9101.2010.02223.x,dryad,excel,Data from: Similar evolutionary potentials in an obligate ant parasite and its two host species,https://doi.org/10.1111/j.1420-9101.2010.02223.x,https://onlinelibrary.wiley.com/doi/pdfdirect/10.1111/j.1420-9101.2010.02223.x,True
52,10.5061/dryad.8281,10.1111/j.1365-294X.2009.04370.x,dryad,excel,Data from: Patterns of colonization and spread in the fungal spruce pathogen Onnia tomentosa,https://doi.org/10.1111/j.1365-294x.2009.04370.x,https://onlinelibrary.wiley.com/doi/pdfdirect/10.1111/j.1365-294X.2009.04370.x,True
53,10.5061/dryad.82hs7,10.1038/hdy.2013.54,dryad,excel,"Data from: When east meets west: population structure of a high- latitude resident species, the boreal chickadee (Poecile hudsonicus)",https://doi.org/10.1038/hdy.2013.54,https://www.nature.com/articles/hdy201354.pdf,True
54,10.5061/dryad.841vq48,10.1002/eap.1713,dryad,excel,Data from: Complementary crops and landscape features sustain wild bee communities,https://amu.hal.science/hal-01896060,https://amu.hal.science/hal-01896060/file/Martins%20et%20al%202018%20Ecological%20Applications%2028%284%29%2C%20pp.%201093%E2%80%931105.pdf,True
56,10.5061/dryad.87jb3,10.1111/eva.12315,zenodo,excel,Data from: Multidimensional environmental influences on timing of breeding in a tree swallow population facing climate change,https://doi.org/10.1111/eva.12315,https://onlinelibrary.wiley.com/doi/pdfdirect/10.1111/eva.12315,True
58,10.5061/dryad.8cz8w9gk6,,zenodo,,Factors influencing fall departure phenology in migratory birds that bred in northeastern North America,,,
60,10.5061/dryad.8cz8w9gr1,,zenodo,,"Data for the detection of the boreal chorus frog (Pseudacris maculata) using environmental DNA and call surveys at 180 ponds sampled in 2017-2018 in southeastern Québec, Canada",,,
61,10.5061/dryad.8kprr4xs0,,zenodo,,Data from: Hedging at the rear edge: Intraspecific trait variability drives the trajectory of marginal populations in a widespread boreal tree species,,,
62,10.5061/dryad.8mc79,10.1111/1755-0998.12412,zenodo,excel,Data from: A new method for studying population genetics of cyst nematodes based on Pool-Seq and genome-wide allele frequency analysis,,,False
63,10.5061/dryad.8w9ghx3pf,,zenodo,,A mechanistic model of functional response provides new insights into indirect interactions among arctic tundra prey,,,
65,10.5061/dryad.914j5m0,10.3389/fpls.2019.00932,zenodo,excel,Data from: Facilitation of balsam fir by trembling aspen in the boreal forest: do ectomycorrhizal communities matter?,https://doi.org/10.3389/fpls.2019.00932,https://www.frontiersin.org/articles/10.3389/fpls.2019.00932/pdf,True
68,10.5061/dryad.9tf3hr5,10.1111/1365-2664.13497,zenodo,excel,Data from: Body shape is related to attempt rate and passage success of brook trout at in-stream barriers,https://doi.org/10.1111/1365-2664.13497,https://onlinelibrary.wiley.com/doi/pdfdirect/10.1111/1365-2664.13497,True
69,10.5061/dryad.9w0vt4bg8,,zenodo,,Patterns and determinants of lichen abundance and diversity across a subarctic to arctic latitudinal gradient,,,
71,10.5061/dryad.b46k4,10.1111/1365-2664.12675,zenodo,excel,Data from: Threshold dynamics in plant succession after tree planting in agricultural riparian zones,https://doi.org/10.1111/1365-2664.12675,https://besjournals.onlinelibrary.wiley.com/doi/pdfdirect/10.1111/1365-2664.12675,True
74,10.5061/dryad.bf771,10.1098/rspb.2015.0973,zenodo,excel,Data from: A spatial theory for characterizing predator–multiprey interactions in heterogeneous landscapes,https://doi.org/10.1098/rspb.2015.0973,https://royalsocietypublishing.org/doi/pdf/10.1098/rspb.2015.0973,True
75,10.5061/dryad.bvq83bk79,10.1101/005900; 10.6084/m9.figshare.1044306; https://github.com/kgturner/Cdiff_genome; https://github.com/kgturner/Cdiff_GWAS; https://www.ncbi.nlm.nih.gov/sra/SRX1355843; https://www.ncbi.nlm.nih.gov/nuccore/KJ690264; https://www.ncbi.nlm.nih.gov/sra/PRJNA681918,zenodo,excel,Genomic analyses of phenotypic differences between native and invasive populations of diffuse knapweed (Centaurea diffusa),,,
78,10.5061/dryad.d5j34,10.1098/rspb.2014.1779,dryad,excel,Data from: Non-climatic constraints on upper elevational plant range expansion under climate change,https://doi.org/10.1098/rspb.2014.1779,https://royalsocietypublishing.org/doi/pdf/10.1098/rspb.2014.1779,True
80,10.5061/dryad.d7wm37q4f,,zenodo,,"Community-wide trait adaptation, but not plasticity, explain ant community structure in extreme environments",,,
81,10.5061/dryad.dbrv15f1c,,zenodo,,"Range shifts in butternut, a rare, endangered tree, in response to past climate and modern conditions",,,
83,10.5061/dryad.dncjsxm24,,zenodo,,Data from: Large herbivores trigger spatiotemporal changes in forest plant diversity,,,
84,10.5061/dryad.f7bq534,10.1111/1365-2745.13087,zenodo,excel,"Data from: Boreal tree growth exhibits decadal-scale ecological memory to drought and insect defoliation, but no negative response to their interaction",https://doi.org/10.1111/1365-2745.13087,https://onlinelibrary.wiley.com/doi/pdfdirect/10.1111/1365-2745.13087,True
85,10.5061/dryad.ft94b,10.1111/mec.12358,dryad,excel,Data from: Nonparallelism in MHC IIβ diversity accompanies nonparallelism in pathogen infection of lake whitefish (Coregonus clupeaformis) species pairs as revealed by next generation sequencing,,,False
86,10.5061/dryad.g1jwstqqx,,zenodo,,Testing the precision and sensitivity of density estimates obtained with a camera-trap method revealed limitations and opportunities,,,
89,10.5061/dryad.h65f4,10.1890/12-2118.1,zenodo,excel,Data from: Logging-induced changes in habitat network connectivity shape behavioral interactions in the wolf-caribou-moose system,https://doi.org/10.1890/12-2118.1,https://onlinelibrary.wiley.com/doi/pdfdirect/10.1890/12-2118.1,True
91,10.5061/dryad.hs37s,10.1002/ece3.1266,dryad,excel,Data from: Genetic connectivity among swarming sites in the wide ranging and recently declining little brown bat (Myotis lucifugus),https://doi.org/10.1002/ece3.1266,https://onlinelibrary.wiley.com/doi/pdfdirect/10.1002/ece3.1266,True
92,10.5061/dryad.j0t179b,10.1111/geb.12829,dryad,excel,Data from: Local adaptation of trees at the range margins impact range shifts in the face of climate change,,,False
94,10.5061/dryad.j6q573nh4,,zenodo,,Evidence for synergistic cumulative impacts of marking and hunting in a wildlife species.,,,
95,10.5061/dryad.jk680,10.1111/mec.13795,dryad,excel,Data from: Investigating genomic and phenotypic parallelism between piscivorous and planktivorous lake trout (Salvelinus namaycush) ecotypes by means of RADseq and morphometrics analyses,,,False
98,10.5061/dryad.m233m,10.1002/ece3.3397,zenodo,excel,Data from: Herbivory and pollen limitation at the upper elevational range limit of two forest understory plants of eastern North America,https://doi.org/10.1002/ece3.3397,https://onlinelibrary.wiley.com/doi/pdfdirect/10.1002/ece3.3397,True
100,10.5061/dryad.mpg4f4r16,,zenodo,,Determinants of nest box local recruitment and natal dispersal in a declining bird population,,,
101,10.5061/dryad.n3c2f,10.1371/journal.pone.0077514,zenodo,excel,Data from: Disentangling woodland caribou movements in response to clearcuts and roads across temporal scales,https://doi.org/10.1371/journal.pone.0077514,https://journals.plos.org/plosone/article/file?id=10.1371/journal.pone.0077514&type=printable,True
103,10.5061/dryad.n7054,10.1093/jhered/esx005,zenodo,excel,Data from: Patterns of diversity and spatial variability of β-defensin innate immune genes in a declining wild population of tree swallows,,https://doi.org/10.1093/jhered/esx005,False
104,10.5061/dryad.n726pq6,10.1038/s41598-018-34822-9,zenodo,excel,Data from: Compensatory conservation measures for an endangered caribou population under climate change,https://doi.org/10.1038/s41598-018-34822-9,https://www.nature.com/articles/s41598-018-34822-9.pdf,True
105,10.5061/dryad.n8c57,10.1038/hdy.2016.92,dryad,excel,Data from: An assessment of the reliability of quantitative genetics estimates in study systems with high rate of extra-pair reproduction and low recruitment,https://doi.org/10.1038/hdy.2016.92,https://www.nature.com/articles/hdy201692.pdf,True
107,10.5061/dryad.nb115,10.1111/jav.01273,dryad,excel,Data from: Using citizen science monitoring data in species distribution models to inform isotopic assignment of migratory connectivity in wetland birds,,,False
109,10.5061/dryad.nt511dp,,zenodo,,Data from: The role of ecotype-environment interactions in intraspecific trophic niche partitioning subsequent to stocking,,,
110,10.5061/dryad.p2kf0,10.1371/journal.pone.0107929,zenodo,excel,Data from: Do seaducks minimise the flightless period?: inter- and intra-specific comparisons of remigial moult,https://doi.org/10.1371/journal.pone.0107929,https://journals.plos.org/plosone/article/file?id=10.1371/journal.pone.0107929&type=printable,True
111,10.5061/dryad.p2r8r,10.1002/ece3.1086,zenodo,excel,Data from: Using dynamic N-mixture models to test cavity limitation on northern flying squirrel demographic parameters using experimental nest box supplementation.,https://doi.org/10.1002/ece3.1086,https://onlinelibrary.wiley.com/doi/pdfdirect/10.1002/ece3.1086,True
112,10.5061/dryad.pg4f4qrpf,,zenodo,,Variable strength of predator-mediated effects on species occurrence in an arctic terrestrial vertebrate community,,,
115,10.5061/dryad.pnvx0k6hq,10.1111/oik.06668,zenodo,excel,Where to spend the winter? The role of intraspecific competition and climate in determining the selection of wintering areas by migratory caribou,,,False
116,10.5061/dryad.pvmcvdnh1,10.5751/ACE-00446-060105; 10.1016/S0006-3207(01)00079-9; 10.1016/S0006-3207(01)00079-9; 10.1016/j.agee.2017.04.009,zenodo,excel,Organic farming benefits birds most in regions with more intensive agriculture,,,
117,10.5061/dryad.pzgmsbchr,10.1093/jhered/esaa023,dryad,excel,SRP54 locus genotypes of white-tailed deer from Jamieson et al.,https://doi.org/10.1093/jhered/esaa023,https://academic.oup.com/jhered/article-pdf/111/5/429/36386328/esaa023.pdf,True
119,10.5061/dryad.q573n5tdx,,zenodo,,Priority effects will impede range shifts of temperate tree species into the boreal forest,,,
120,10.5061/dryad.q573n5tf9,,zenodo,,Assessment of the systems approach for the phytosanitary treatment of wood infested with wood-boring insects,,,
121,10.5061/dryad.q810f,10.1600/036364416x692514,dryad,excel,Data from: Ecological and evolutionary diversification within the genus Carex (Cyperaceae): consequences for community assembly in subarctic fens,https://doi.org/10.1600/036364416X692514,https://bioone.org/journals/Systematic-Botany/volume-41/issue-3/036364416X692514/Ecological-and-Evolutionary-Diversification-within-the-Genus-iCarex-i-Cyperaceae/10.1600/036364416X692514.pdf,True
122,10.5061/dryad.qjq2bvqkh,,zenodo,,Stuck between the mandibles of an insect and of a rodent: where does the fate of ash-dominated riparian temperate forests lie?,,,
123,10.5061/dryad.qn1cj,10.1098/rspb.2014.0502,dryad,excel,Data from: Temporally dynamic habitat suitability predicts genetic relatedness among caribou,https://doi.org/10.1098/rspb.2014.0502,https://royalsocietypublishing.org/doi/pdf/10.1098/rspb.2014.0502,True
124,10.5061/dryad.qs1h4,10.1371/journal.pone.0162325,zenodo,excel,Data from: Striking phenotypic variation yet low genetic differentiation in sympatric lake trout (Salvelinus namaycush),https://doi.org/10.1371/journal.pone.0162325,https://journals.plos.org/plosone/article/file?id=10.1371/journal.pone.0162325&type=printable,True
125,10.5061/dryad.qt30h,10.1111/1365-2664.12517,dryad,excel,Data from: The phylogenetics of succession can guide restoration: an example from abandoned mine sites in the subarctic,https://doi.org/10.1111/1365-2664.12517,https://onlinelibrary.wiley.com/doi/pdfdirect/10.1111/1365-2664.12517,True
127,10.5061/dryad.r6s1c,10.1371/journal.pone.0176706,dryad,excel,Data from: Continental divide: predicting climate-mediated fragmentation and biodiversity loss in the boreal forest,https://doi.org/10.1371/journal.pone.0176706,https://journals.plos.org/plosone/article/file?id=10.1371/journal.pone.0176706&type=printable,True
129,10.5061/dryad.rn8pk0pbj,10.1093/ee/nvy113,zenodo,excel,VCF files of loci in approximate linkage equilibrium for two common spruce budworm larval parasitoids: Apanteles fumiferanae (Hymenoptera: Braconidae) and Glypta fumiferanae (Hymenoptera: Ichneumonidae),,,False
130,10.5061/dryad.rp77j,10.1111/1365-2745.12473,dryad,excel,Data from: Strategies for a successful plant invasion: the reproduction of Phragmites australis in northeastern North America,https://doi.org/10.1111/1365-2745.12473,https://onlinelibrary.wiley.com/doi/pdfdirect/10.1111/1365-2745.12473,True
131,10.5061/dryad.s1rn8pk7d,,zenodo,,Boreal aspen understory diversity along a continental gradient,,,
132,10.5061/dryad.s26qt314,10.1111/j.1420-9101.2011.02418.x,dryad,excel,Data from: Regional divergence and mosaic spatial distribution of two closely related damselfly species (Enallagma hageni and Enallagma ebrium),https://doi.org/10.1111/j.1420-9101.2011.02418.x,https://onlinelibrary.wiley.com/doi/pdfdirect/10.1111/j.1420-9101.2011.02418.x,True
135,10.5061/dryad.sbcc2fr4j,https://mffp.gouv.qc.ca/publications/forets/connaissances/Norme-PET.pdf; https://mffp.gouv.qc.ca/publications/forets/connaissances/Norme-PEP.pdf; 10.7809/b-e.00219; http://charcoal.cnre.vt.edu/climate/,dryad,excel,Data from: Influence of habitat availability and fire disturbance on the northern range boundary of eastern white cedar (Thuja occidentalis L.),,,
136,10.5061/dryad.sf1k4m8,10.1111/1365-2745.13123,dryad,excel,Data from: Black spruce (Picea mariana) colonization of subarctic snowpatches in response to warmer climate,https://doi.org/10.1111/1365-2745.13123,https://onlinelibrary.wiley.com/doi/pdfdirect/10.1111/1365-2745.13123,True
137,10.5061/dryad.sqv9s4n2j,,zenodo,,Earlier spring reduces potential for gene flow via reduced flowering synchrony across an elevational gradient,,,
139,10.5061/dryad.t11f5,10.1111/1365-2656.12269,zenodo,excel,Data from: Habitat-based polymorphism is common in stream fishes,https://doi.org/10.1111/1365-2656.12269,https://onlinelibrary.wiley.com/doi/pdfdirect/10.1111/1365-2656.12269,True
140,10.5061/dryad.t77f1p4,10.1007/s10592-019-01170-8,dryad,excel,"Data from: History matters: contemporary versus historic population structure of bobcats in the New England region, USA",,,False
141,10.5061/dryad.tc45g,10.1111/2041-210X.12470,dryad,excel,Data from: Multi-purpose habitat networks for short-range and long-range connectivity: a new method combining graph and circuit connectivity,https://doi.org/10.1111/2041-210x.12470,https://onlinelibrary.wiley.com/doi/pdfdirect/10.1111/2041-210X.12470,True
143,10.5061/dryad.tqjq2bvwz,,zenodo,,A 249-year chronosequence of forest plots from eight successive fires in the eastern Canada boreal mixedwoods,,,
145,10.5061/dryad.vmcvdncrn,,zenodo,,Large-scale multi-trophic co-response models and environmental control of pelagic food webs in Québec lakes,,,
147,10.5061/dryad.vt4b8gtnv,,zenodo,,Copy number variants outperform SNPs to reveal genotype-temperature association in a marine species,,,
148,10.5061/dryad.xd2547dj8,,zenodo,,Data set for combined influence of food availability and agricultural intensification on a declining aerial insectivore,,,
149,10.5061/dryad.xgxd254cp,10.1111/fwb.13497,dryad,dryad_api,Deciphering lifelong thermal niche using otolith δ18O thermometry within supplemented lake trout (Salvelinus namaycush) populations,,,False
150,10.5061/dryad.xgxd254dk,,zenodo,,Data for: Parasitoids indicate major climate-induced shifts in Arctic communities,,,
151,10.5061/dryad.xksn02vb9,10.1534/g3.119.400498,zenodo,excel,Benchmarking parametric and machine learning models for genomic prediction of complex traits,https://doi.org/10.1534/g3.119.400498,https://academic.oup.com/g3journal/article-pdf/9/11/3691/37177268/g3journal3691.pdf,True
152,10.5061/dryad.xsj3tx9bb,10.1038/s41477-020-0647-x,zenodo,excel,Data from: Mast seeding patterns are asynchronous at a continental scale,,,False
153,10.5061/dryad.zs7h44j7m,10.1002/ece3.7260,zenodo,excel,Data from: Seasonality of floral resources in relation to bee activity in agroecosystems,https://doi.org/10.1002/ece3.7260,https://www.ncbi.nlm.nih.gov/pmc/articles/PMC8019032,True
155,10.5281/zenodo.3620734,10.5281/zenodo.2231046,zenodo,excel,U.S.-EPA-BELD4-Equivalent Landuse Database for Canada – Version 2,https://doi.org/10.5281/zenodo.2231046,,True
158,10.3897/BDJ.8.e49450.suppl1,10.3897/BDJ.8.e49450,zenodo,excel,"Supplementary material 1 from: Favret C, Moisan-De Serres J, Larrivée M, Lessard J-P (2020) The Odonata of Quebec: Specimen data from seven collections. Biodiversity Data Journal 8: e49450. https://doi.org/10.3897/BDJ.8.e49450",https://doi.org/10.3897/bdj.8.e49450,https://bdj.pensoft.net/article/49450/download/pdf/,True
159,10.5061/dryad.1tn7123,10.1017/9781316711644,dryad,dryad_api,Data from: Rates of evolution: a quantitative synthesis,,,False
160,10.5061/dryad.424h7,10.1016/j.biocon.2014.06.016,zenodo,excel,Data from: Development and validation of an expert-based habitat suitability model to support boreal caribou conservation,,,False
162,10.5061/dryad.fp659276,10.1111/j.1752-4571.2012.00238.x,zenodo,excel,Data from: Genetic structure and rabies spread potential in raccoons: the role of landscape barriers and sex-biased dispersal,https://doi.org/10.1111/j.1752-4571.2012.00238.x,https://onlinelibrary.wiley.com/doi/pdfdirect/10.1111/j.1752-4571.2012.00238.x,True
175,10.5558/TFC76653-4,10.5558/TFC76653-4,semantic_scholar,,"Ã‰valuation de la coupe avec protection de la rÃ©gÃ©nÃ©ration et des sols comme mÃ©thode de rÃ©gÃ©nÃ©ration de peuplements mÃ©langÃ©s du domaine bioclimatique de la sapiniÃ¨re Ã  bouleau jaune de l'est du QuÃ©bec, Canada",https://doi.org/10.5558/tfc76653-4,https://pubs.cif-ifc.org/doi/pdf/10.5558/tfc76653-4,True
176,10.1139/B86-122,10.1139/B86-122,semantic_scholar,,Abondance relative et diversitÃ© des EndogonacÃ©es dans un sol de verger du QuÃ©bec,,,False
177,,,semantic_scholar,,Afin dâ€™eÌvaluer les facteurs environnementaux controÌ‚lant la distribution du bouleau jaune,,,
179,10.1139/X88-250,10.1139/X88-250,semantic_scholar,,An occurrence of boron deficiency in the deciduous forest of the Quebec Appalachians and the St. Lawrence Lowlands,,,False
181,10.1023/A%3A1011871723686,10.1023/A%3A1011871723686,semantic_scholar,,Area prioritization for biodiversity conservation in QuÃ©bec on the basis of species distributions: a preliminary analysis,,,False
194,10.1080/11956860.2021.1885804,10.1080/11956860.2021.1885804,semantic_scholar,,Calicioid Fungi and Lichens from an Unprotected Intact Forest Ecosystem in QuÃ©bec,,,False
200,10.1078/S0031-4056%2804%2970035-9,10.1078/S0031-4056%2804%2970035-9,semantic_scholar,,Community structures of Collembola in sugar maple forests: relations to humus type and seasonal trends,,,False
201,10.1086/671900,10.1086/671900,semantic_scholar,,Comparative Physiology and Relative Swimming Performance of Three Redhorse (Moxostoma spp.) Species: Associations with Fishway Passage Success*,http://americanae.aecid.es/americanae/es/registros/registro.do?tipoRegistro=MTD&idBib=3127646,https://ri.conicet.gov.ar/bitstream/11336/6355/2/CONICET_Digital_Nro.7619_A.pdf,True
202,10.1007/s10661-013-3497-4,10.1007/s10661-013-3497-4,semantic_scholar,,Comparison between electrofishing and snorkeling surveys to describe fish assemblages in Laurentian streams,,,False
208,10.3389/fmars.2021.637546,10.3389/fmars.2021.637546,semantic_scholar,,Determining the Ecological Status of Benthic Coastal Communities: A Case in an Anthropized Sub-Arctic Area,https://doi.org/10.3389/fmars.2021.637546,https://www.frontiersin.org/articles/10.3389/fmars.2021.637546/pdf,True
214,10.1111/jvs.12536,10.1111/jvs.12536,semantic_scholar,,Divergence between riparian seed banks and standing vegetation increases along successional trajectories,,,False
216,10.1007/s10750-016-2663-4,10.1007/s10750-016-2663-4,semantic_scholar,,Does submerged aquatic vegetation shape zooplankton community structure and functional diversity? A test with a shallow fluvial lake system,,,False
225,10.1371/journal.pone.0109261,10.1371/journal.pone.0109261,semantic_scholar,,"Effects of Habitat-Forming Species Richness, Evenness, Identity, and Abundance on Benthic Intertidal Community Establishment and Productivity",https://doi.org/10.1371/journal.pone.0109261,https://journals.plos.org/plosone/article/file?id=10.1371/journal.pone.0109261&type=printable,True
228,10.7202/013969AR,10.7202/013969AR,semantic_scholar,,"Emergence of a new turfgrass insect pest on golf courses in Quebec, the European crane fly [Diptera: Tipulidae].",,http://www.erudit.org/fr/revues/phyto/2006-v87-n1-phyto1431/013969ar.pdf,False
234,10.1639/0007-2745%282000%29103%5B0725%3AELABOP%5D2.0.CO%3B2,10.1639/0007-2745%282000%29103%5B0725%3AELABOP%5D2.0.CO%3B2,semantic_scholar,,"Epiphytic Lichens and Bryophytes on Populus tremuloides Along a Chronosequence in the Southwestern Boreal Forest of QuÃ©bec, Canada",,,False
237,10.1371/journal.pone.0201924,10.1371/journal.pone.0201924,semantic_scholar,,"Evidence for increasing densities and geographic ranges of tick species of public health significance other than Ixodes scapularis in QuÃ©bec, Canada",https://doi.org/10.1371/journal.pone.0201924,https://journals.plos.org/plosone/article/file?id=10.1371/journal.pone.0201924&type=printable,True
240,,,semantic_scholar,,"Facteurs environnementaux et anthropiques influenÃ§ant la variation temporelle dans les Ã©chouages de mammifÃ¨res marins de l'estuaire et du golfe du Saint-Laurent, QuÃ©bec",,,
247,10.2166/WQRJ.2002.009,10.2166/WQRJ.2002.009,semantic_scholar,,Follow-up Studies Addressing Questions Identified During Cycle 1 of the Adult Fish Survey of the Pulp and Paper EEM Program,https://doi.org/10.2166/wqrj.2002.009,https://iwaponline.com/wqrj/article-pdf/37/1/133/229325/wqrjc0370133.pdf,True
248,10.1139/Z97-237,10.1139/Z97-237,semantic_scholar,,"Food of Double-crested Cormorants, Phalacrocorax auritus, in the Gulf and Estuary of the St. Lawrence River, Quebec, Canada",,,False
249,10.1111/jvs.12643,10.1111/jvs.12643,semantic_scholar,,"Forage diversity, type and abundance influence winter resource selection by whiteâ€tailed deer",,https://hdl.handle.net/20.500.11794/70473,False
250,10.2307/3802888,10.2307/3802888,semantic_scholar,,Foraging ecology and use of drumming trees by three-toed woodpeckers,,,False
253,10.1111/eva.13248,10.1111/eva.13248,semantic_scholar,,Genomic data support management of anadromous Arctic Char fisheries in Nunavik by highlighting neutral and putatively adaptive genetic variation,https://doi.org/10.1111/eva.13248,https://onlinelibrary.wiley.com/doi/pdfdirect/10.1111/eva.13248,True
254,10.1603/0046-225X-34.3.635,10.1603/0046-225X-34.3.635,semantic_scholar,,Ground-Dwelling Spider Fauna (Araneae) of Two Vineyards in Southern Quebec,https://doi.org/10.1603/0046-225x-34.3.635,,True
258,10.1111/ECOG.00997,10.1111/ECOG.00997,semantic_scholar,,"Host phenology, geographic range size and regional occurrence explain interspecific variation in damselflyâ€“water mite associations",https://doi.org/10.1111/ecog.00997,https://onlinelibrary.wiley.com/doi/pdfdirect/10.1111/ecog.00997,True
261,10.4039/Ent113415-5,10.4039/Ent113415-5,semantic_scholar,,"HYADAPHIS TATARICAE (HOMOPTERA: APHIDIDAE), A PEST OF HONEYSUCKLE NEW TO NORTH AMERICA",,,False
262,10.1111/j.1365-2486.2009.01945.x,10.1111/j.1365-2486.2009.01945.x,semantic_scholar,,Impacts of climate change on the seasonal distribution of migratory caribou,,,False
263,10.1080/11956860.2003.11682771,10.1080/11956860.2003.11682771,semantic_scholar,,"In the past two centuries, human activities have caused major changes in the tree species composition of southern QuÃ©bec, Canada",,,False
267,10.1111/j.1439-0418.1994.tb00701.x,10.1111/j.1439-0418.1994.tb00701.x,semantic_scholar,,"Insect parasites and predators of Phyllophaga anxia (LeConte) (Col., Scarabaeidae) in Quebec, Canada",,,False
271,10.1603/0013-8746%282006%2999%5B536%3AIOPMIQ%5D2.0.CO%3B2,10.1603/0013-8746%282006%2999%5B536%3AIOPMIQ%5D2.0.CO%3B2,semantic_scholar,,Inventory of Predacious Mites in Quebec Commercial Apple Orchards Where Integrated Pest Management Programs Are Implemented,https://doi.org/10.1603/0013-8746(2006)99[536:iopmiq]2.0.co;2,https://academic.oup.com/aesa/article-pdf/99/3/536/40400816/aesame0536.pdf,True
272,10.5558/TFC64116-2,10.5558/TFC64116-2,semantic_scholar,,La RÃ©gÃ©nÃ©ration prÃ©Ã©tablie dans les peuplements forestiers naturels au QuÃ©bec,https://doi.org/10.5558/tfc64116-2,https://pubs.cif-ifc.org/doi/pdf/10.5558/tfc64116-2,True
276,10.1111/J.1439-0426.2011.01727.X,10.1111/J.1439-0426.2011.01727.X,semantic_scholar,,"Management of the Lake Sturgeon Acipenser fulvescens population in the lower St Lawrence River (QuÃ©bec, Canada) from the 1910s to the present",,https://doi.org/10.1111/j.1439-0426.2011.01727.x,False
280,10.3390/f11010003,10.3390/f11010003,semantic_scholar,,Modelling Post-Disturbance Successional Dynamics of the Canadian Boreal Mixedwoods,https://doi.org/10.3390/f11010003,https://www.mdpi.com/1999-4907/11/1/3/pdf?version=1577943459,True
281,10.1139/B05-012,10.1139/B05-012,semantic_scholar,,Molecular markers indicate that the narrow QuÃ©bec endemics Rosa rousseauiorum and Rosa williamsii are synonymous with the widespread Rosa blanda,,,False
283,10.1046/j.1365-294X.1997.00243.x,10.1046/j.1365-294X.1997.00243.x,semantic_scholar,,Natural hybridization between black spruce and red spruce,,,False
284,10.1007/s004420050737,10.1007/s004420050737,semantic_scholar,,Nested bird and micro-habitat assemblages in a peatland archipelago,,,False
288,10.1139/X94-027,10.1139/X94-027,semantic_scholar,,Nutrient concentration and acid-base status of leaf litter of tree species characteristic of the hardwood forest of southern Quebec,,,False
297,10.1371/journal.pone.0144112,10.1371/journal.pone.0144112,semantic_scholar,,"Phylogeographic Structure of the White-Footed Mouse and the Deer Mouse, Two Lyme Disease Reservoir Hosts in QuÃ©bec",https://doi.org/10.1371/journal.pone.0144112,https://journals.plos.org/plosone/article/file?id=10.1371/journal.pone.0144112&type=printable,True
298,10.5558/TFC65206-3,10.5558/TFC65206-3,semantic_scholar,,Plant Composition in Relation to Vole Damage in Coniferous Plantations,https://doi.org/10.5558/tfc65206-3,https://pubs.cif-ifc.org/doi/pdf/10.5558/tfc65206-3,True
300,,,semantic_scholar,,"Population , reproductive success , ' and analysis of contaminants in Razorbills ( Alea torda ) in the estuary and Gulf of St . Lawrence , Quebec by",,,
301,10.2307/3235615,10.2307/3235615,semantic_scholar,,Population age structure of Pinus banksiana at the southern edge of the Canadian boreal forest,,,False
302,10.1139/z01-077,10.1139/z01-077,semantic_scholar,,Population biology of eyeflukes in fish from a large fluvial ecosystem : the importance of gulls and habitat characteristics,,https://spectrum.library.concordia.ca/6780/1/McLaughlin_CanJZool_2001.pdf,False
303,10.1007/s10682-017-9917-0,10.1007/s10682-017-9917-0,semantic_scholar,,Rapid morphological divergence in two closely related and co-occurring species over the last 50Â years,,,False
306,10.1139/CJB-2017-0193,10.1139/CJB-2017-0193,semantic_scholar,,"Relative pollen productivity estimates and changes in Holocene vegetation cover in the deciduous forest of southeastern Quebec, Canada",,,False
306,10.1139/CJB-2017-0193,10.1139/CJB-2017-0193,semantic_scholar,,"Relative pollen productivity estimates and changes in Holocene vegetation cover in the deciduous forest of southeastern Quebec, Canada",,,False
307,10.1007/s10841-008-9186-x,10.1007/s10841-008-9186-x,semantic_scholar,,Relevance of using a vegetation-based method to conserve urban carabid diversity,,,False
308,10.1039/b912185d,10.1039/b912185d,semantic_scholar,,Responses of two sentinel species (Hexagenia limbata--mayfly; Pyganodon grandis--bivalve) along spatial cadmium gradients in lakes and rivers in northwestern QuÃ©bec.,,,False
311,10.4039/n06-057,10.4039/n06-057,semantic_scholar,,"Rove beetles (Coleoptera: Staphylinidae) in yellow birch-dominated stands of southeastern Quebec, Canada: Diversity, abundance, and description of a new species",,,False
314,10.1603/EN12129,10.1603/EN12129,semantic_scholar,,"Seasonal Ecology and Thermal Constraints of Telenomus spp. (Hymenoptera: Scelionidae), Egg Parasitoids of the Hemlock Looper (Lepidoptera: Geometridae)",https://doi.org/10.1603/en12129,https://academic.oup.com/ee/article-pdf/41/6/1290/18311242/ee41-1290.pdf,True
315,10.1603/EN10045,10.1603/EN10045,semantic_scholar,,Selected Beetle Assemblages Captured in Pitfall Traps Baited with Deer Dung or Meat in Balsam Fir and Sugar Maple Forests of Central Quebec,https://doi.org/10.1603/en10045,https://academic.oup.com/ee/article-pdf/39/4/1151/18309297/ee39-1151.pdf,True
320,10.1139/B05-025,10.1139/B05-025,semantic_scholar,,Spontaneous revegetation of mined peatlands in eastern Canada,,http://www.gret-perg.ulaval.ca/uploads/tx_centrerecherche/Poulin_et_al_2005_01.pdf,False
324,10.1139/X93-323,10.1139/X93-323,semantic_scholar,,Temporal variations in the rooting ability of cuttings of Populusbalsamifera and Salixplanifolia from natural clonesâ€“populations of subarctic Quebec,,,False
325,10.1111/J.1365-2427.1988.TB00462.X,10.1111/J.1365-2427.1988.TB00462.X,semantic_scholar,,The abundance of phytophilous invertebrates on different species of submerged macrophytes,,,False
331,10.1002/ece3.3922,10.1002/ece3.3922,semantic_scholar,,The effects of allospecific mitochondrial genome on the fitness of northern redbelly dace (Chrosomus eos),https://doi.org/10.1002/ece3.3922,https://onlinelibrary.wiley.com/doi/pdfdirect/10.1002/ece3.3922,True
334,10.4039/n04-055,10.4039/n04-055,semantic_scholar,,"The effects of urbanization on ant assemblages (Hymenoptera: Formicidae) associated with the Molson Nature Reserve, Quebec",,,False
336,10.3732/ajb.1200279,10.3732/ajb.1200279,semantic_scholar,,"The importance of ecological constraints on the control of multi-species treeline dynamics in eastern Nunavik, Quebec.",,,False
339,10.2307/2261594,10.2307/2261594,semantic_scholar,,The Relationship of Vegetation to Methane Emission and Hydrochemical Gradients in Northern Peatlands,,,False
343,10.3390/ijgi7090335,10.3390/ijgi7090335,semantic_scholar,,Towards Modelling Future Trends of Quebec's Boreal Birds' Species Distribution under Climate Change,https://doi.org/10.3390/ijgi7090335,https://www.mdpi.com/2220-9964/7/9/335/pdf?version=1534912335,True
344,10.1139/X08-080,10.1139/X08-080,semantic_scholar,,"Tree-ring evidence extends the historic northern range limit of severe defoliation by insects in the aspen stands of western Quebec, Canada",,,False
348,10.1046/j.1365-2745.1999.00388.x,10.1046/j.1365-2745.1999.00388.x,semantic_scholar,,"Variability in the dynamics of northern peripheral versus southern populations of two clonal plant species, Helianthus divaricatus and Rhus aromatica",https://doi.org/10.1046/j.1365-2745.1999.00388.x,https://onlinelibrary.wiley.com/doi/pdfdirect/10.1046/j.1365-2745.1999.00388.x,True
351,10.1603/0013-8746%282005%29098%5B0565%3AWCCDAA%5D2.0.CO%3B2,10.1603/0013-8746%282005%29098%5B0565%3AWCCDAA%5D2.0.CO%3B2,semantic_scholar,,Weevil (Coleoptera: Curculionoidea) Diversity and Abundance in Two Quebec Vineyards,https://doi.org/10.1603/0013-8746(2005)098[0565:wccdaa]2.0.co;2,https://academic.oup.com/aesa/article-pdf/98/4/565/19388556/aesa98-0565.pdf,True
356,https://www.semanticscholar.org/paper/2631aa5f2c4d58c9abf92a920eff61d7acb6e808,https://www.semanticscholar.org/paper/2631aa5f2c4d58c9abf92a920eff61d7acb6e808,semantic_scholar,,New Staphylinidae (Coleoptera) records with new collection data from New Brunswick and an addition to the fauna of Quebec: Staphylininae,,,
357,https://www.semanticscholar.org/paper/8478ff6242616d1599c8113c2582523c90edea02,https://www.semanticscholar.org/paper/8478ff6242616d1599c8113c2582523c90edea02,semantic_scholar,,"New Staphylinidae (Coleoptera) records with new collection data from New Brunswick, and an addition to the fauna of Quebec, Canada: Aleocharinae",,,
363,https://www.semanticscholar.org/paper/36e68ca8dec02c18c727cbd4e3ca655b539b103b,https://www.semanticscholar.org/paper/36e68ca8dec02c18c727cbd4e3ca655b539b103b,semantic_scholar,,A new species in the Rheocricotopus (R.) effusus group from Canada with a review of the Nearctic species of Rheocricotopus and Parametriocnemus (Chironomidae: Orthocladiinae),,,
364,https://www.semanticscholar.org/paper/e52ab68ce788679bb30c43646927764de9d040de,https://www.semanticscholar.org/paper/e52ab68ce788679bb30c43646927764de9d040de,semantic_scholar,,Colonization dynamics of agroecosystem spider assemblages after snow-melt in Quebec (Canada),,,
365,https://www.semanticscholar.org/paper/acfc665e1a868e3cf392a33e867202739422d361,https://www.semanticscholar.org/paper/acfc665e1a868e3cf392a33e867202739422d361,semantic_scholar,,Naturalization of exotic plant species in northâ€eastern North America: trends and detection capacity,,,
371,https://www.semanticscholar.org/paper/90a78ba88736ee342c7130b714e01c2c608b7372,https://www.semanticscholar.org/paper/90a78ba88736ee342c7130b714e01c2c608b7372,semantic_scholar,,"Conservation genetics of the wood turtle (Glyptemys insculpta) in Quebec, Canada",,,
377,https://www.semanticscholar.org/paper/f404c30b601fe649a9da55f3c1bf8bd46a08afca,https://www.semanticscholar.org/paper/f404c30b601fe649a9da55f3c1bf8bd46a08afca,semantic_scholar,,Recovery of plant community functional traits following severe soil perturbation in plantations: a case-study,,,
380,https://www.semanticscholar.org/paper/5b354efad51d308e9fee059dfb19cdb8120f9c0c,https://www.semanticscholar.org/paper/5b354efad51d308e9fee059dfb19cdb8120f9c0c,semantic_scholar,,Genetic Diversity for Pink Snow Mold Resistance in Greens-Type Annual Bluegrass,,,
382,https://www.semanticscholar.org/paper/cd5441636be2f137809dfc873a1bbdf7a5b1eae1,https://www.semanticscholar.org/paper/cd5441636be2f137809dfc873a1bbdf7a5b1eae1,semantic_scholar,,ADDITIONS TO THE CANADIAN EPHEMEROPTERA,,,
392,https://www.semanticscholar.org/paper/8492e62a32ea3f0b5421fcd5e0752188038850b8,https://www.semanticscholar.org/paper/8492e62a32ea3f0b5421fcd5e0752188038850b8,semantic_scholar,,"Phylogeographic analysis of an Arctic rabies host species, the red (Vulpes vulpes) and arctic (Vulpes lagopus) fox, in the Eastern Subarctic region of Canada",,,
393,https://www.semanticscholar.org/paper/e2c4fca274557470a14930fbbbb231dda193a5f6,https://www.semanticscholar.org/paper/e2c4fca274557470a14930fbbbb231dda193a5f6,semantic_scholar,,"Regional patterns of habitat use by a threatened forest bird, the Bicknellâ€™s Thrush, in Quebec",,,
396,https://www.semanticscholar.org/paper/5af8cd10d09cc403b605c15029e1aa95e8559cc3,https://www.semanticscholar.org/paper/5af8cd10d09cc403b605c15029e1aa95e8559cc3,semantic_scholar,,Size divergence and dietary partitioning enhance coexistence of two herbivorous species of Diaptomus (Copepoda: Calanoida) in some shallow Quebec lakes,,,
399,https://www.semanticscholar.org/paper/19eeaa00f72733dc1565647d5a8a6c0bf96b6031,https://www.semanticscholar.org/paper/19eeaa00f72733dc1565647d5a8a6c0bf96b6031,semantic_scholar,,Root distribution of different mature tree species growing on contrasting textured soils in temperate windbreaks,,,
401,https://www.semanticscholar.org/paper/c06af2ff316c51842412693296f3a592c1468eee,https://www.semanticscholar.org/paper/c06af2ff316c51842412693296f3a592c1468eee,semantic_scholar,,Wood density of natural white spruce populations in Quebec,,,
413,https://www.semanticscholar.org/paper/99df3c00d26e1fd1de61707274ce57e9f17c46b1,https://www.semanticscholar.org/paper/99df3c00d26e1fd1de61707274ce57e9f17c46b1,semantic_scholar,,Permafrost thaw lakes and ponds as habitats for abundant rotifer populations1,,,
418,https://www.semanticscholar.org/paper/ecfd139a8f7cd62e0a624cc17fece1c049ac1b0c,https://www.semanticscholar.org/paper/ecfd139a8f7cd62e0a624cc17fece1c049ac1b0c,semantic_scholar,,"Nematode parasites and leukocyte profiles of Northern Leopard Frogs, Rana pipiens: location, location, location",,,
424,https://www.semanticscholar.org/paper/60e664bb9e8347afab6ef81d1a20ba46dafeb8e5,https://www.semanticscholar.org/paper/60e664bb9e8347afab6ef81d1a20ba46dafeb8e5,semantic_scholar,,Cryptic invaders: nonindigenous and cryptogenic freshwater Bryozoa and Entoprocta in the St. Lawrence River,,,
163,10.3390/rs12060922,10.3390/rs12060922,semantic_scholar,,"Phenology-Based Mapping of an Alien Invasive Species Using Time Series of Multispectral Satellite Data: A Case-Study with Glossy Buckthorn in QuÃ©bec, Canada",https://doi.org/10.3390/rs12060922,https://www.mdpi.com/2072-4292/12/6/922/pdf?version=1584091823,True
171,10.1093/OXFORDJOURNALS.MOLBEV.A004014,10.1093/OXFORDJOURNALS.MOLBEV.A004014,semantic_scholar,,A comparative mitogenomic analysis of the potential adaptive value of Arctic charr mtDNA introgression in brook charr populations (Salvelinus fontinalis Mitchill).,https://doi.org/10.1093/oxfordjournals.molbev.a004014,https://academic.oup.com/mbe/article-pdf/19/11/1902/23453073/mbev_19_11_1902.pdf,True
172,10.3390/F10040325,10.3390/F10040325,semantic_scholar,,A Conceptual Model for Forest Naturalness Assessment and Application in Quebecâ€™s Boreal Forest,https://doi.org/10.3390/f10040325,https://www.mdpi.com/1999-4907/10/4/325/pdf?version=1556420687,True
173,10.7202/015855AR,10.7202/015855AR,semantic_scholar,,A note on the activity and species composition of sesiids [Lepidoptera: Sesiidae] as measured by pheromone traps and trunk sampling in apple orchards of southwestern Quebec,,http://www.erudit.org/fr/revues/phyto/2006-v87-n3-phyto1734/015855ar.pdf,False
182,,,referenced,,Québec Ministry of Environment and Wildlife,,,
183,,,referenced,,Québec Natural Heritage Data Center of,,,
184,,,referenced,,Canadian Wildlife Service,,,
185,,,semantic_scholar,,"Arrenodes minutus (Drury, 1770) (Coleoptera: Brentidae) discovered in the Maritime Provinces of Canada.",,,
187,,,semantic_scholar,,Assessing the Effectiveness of Instream Structures for Restoring Salmonid Streams,,,
188,10.3390/rs11232745,10.3390/rs11232745,semantic_scholar,,Assessment of Spatio-Temporal Patterns of Black Spruce Bud Phenology across Quebec Based on MODIS-NDVI Time Series and Field Observations,https://doi.org/10.3390/rs11232745,https://www.mdpi.com/2072-4292/11/23/2745/pdf?version=1574405652,True
189,10.1139/X95-150,10.1139/X95-150,semantic_scholar,,Balsam fir mortality following the last spruce budworm outbreak in northwestern Quebec,https://constellation.uqac.ca/id/eprint/9013/,,True
190,10.1890/0012-9658%282000%29081%5B0887%3ABAEFIO%5D2.0.CO%3B2,10.1890/0012-9658%282000%29081%5B0887%3ABAEFIO%5D2.0.CO%3B2,semantic_scholar,,BIODIVERSITY AND ECOSYSTEM FUNCTIONING: IMPORTANCE OF SPECIES EVENNESS IN AN OLD FIELD,,,False
191,10.1656/045.027.0416,10.1656/045.027.0416,semantic_scholar,,Biophysical Features Determining Avian Use of Roadside Verges in Southern QuÃ©bec's Suburban and Rural Landscapes,,,False
192,10.2307/1369707,10.2307/1369707,semantic_scholar,,Bird abundance and diversity along an urban-rural gradient : A comparative study between two cities on different continents,https://doi.org/10.2307/1369707,https://academic.oup.com/condor/article-pdf/100/3/413/28200466/condor0413.pdf,True
193,10.1139/B88-015,10.1139/B88-015,semantic_scholar,,"Buried seed populations in the montane, subalpine, and alpine belts of Mont Jacques-Cartier, Quebec",https://constellation.uqac.ca/id/eprint/8969/,,True
195,10.1002/ECS2.2022,10.1002/ECS2.2022,semantic_scholar,,Can sugar maple establish into the boreal forest? Insights from seedlings under various canopies in southern Quebec,https://doi.org/10.1002/ecs2.2022,https://esajournals.onlinelibrary.wiley.com/doi/pdfdirect/10.1002/ecs2.2022,True
196,,,semantic_scholar,,"CAREX Ã—CAYOUETTEI (CYPERACEAE), A NEW INTERSECTIONAL SEDGE HYBRID FROM SOUTHERN QUEÌBEC, CANADA",,,
198,10.1094/PHYTO-84-119,10.1094/PHYTO-84-119,semantic_scholar,,"Characterization of mycoplasmalike organisms from Fraxinus, Syringa, and associated plants from geographically diverse sites",,,False
203,10.1002/mbo3.173,10.1002/mbo3.173,semantic_scholar,,"Comparison of cyanobacterial microcystin synthetase (mcy) E gene transcript levels, mcy E gene copies, and biomass as indicators of microcystin risk under laboratory and field conditions",https://doi.org/10.1002/mbo3.173,https://onlinelibrary.wiley.com/doi/pdfdirect/10.1002/mbo3.173,True
205,,,semantic_scholar,,Cuscuta indecora (Convolvulaceae) new for Canada,,,
207,10.1007/s13592-012-0147-8,10.1007/s13592-012-0147-8,semantic_scholar,,Detection of Nosema apis and N. ceranae in honeybee bottom scraps and frass in naturally infected hives,https://hal.science/hal-01003668,https://hal.archives-ouvertes.fr/hal-01003668/file/hal-01003668.pdf,True
209,10.3390/F8090326,10.3390/F8090326,semantic_scholar,,Development of Northern White-Cedar (Thuja occidentalis L.) Plantations within and outside Deer Yards,https://doi.org/10.3390/f8090326,https://www.mdpi.com/1999-4907/8/9/326/pdf?version=1504273397,True
210,10.1002/etc.4941,10.1002/etc.4941,semantic_scholar,,Diagnostic Fragmentation Filtering for Cyanopeptolin Detection,,,False
211,10.1139/X02-182,10.1139/X02-182,semantic_scholar,,Distribution and dynamics of tree species across a fire frequency gradient in the James Bay region of Quebec,,,False
213,,,semantic_scholar,,Distribution Patterns of Birds Associated with Snags in Natural and Managed Eastern Boreal Forests 1,,,
215,10.1111/ECOG.00836,10.1111/ECOG.00836,semantic_scholar,,Does probability of occurrence relate to population dynamics?,https://doi.org/10.1111/ecog.00836,https://onlinelibrary.wiley.com/doi/pdfdirect/10.1111/ecog.00836,True
218,,,semantic_scholar,,Eastern-breeding Lesser Yellowlegs are more likely than western-breeding birds to visit areas with high shorebird hunting during southward migration,,,
219,10.1111/J.1466-8238.2006.00277.X,10.1111/J.1466-8238.2006.00277.X,semantic_scholar,,Ecological factors explaining the location of the boundary between the mixedwood and coniferous bioclimatic zones in the boreal biome of eastern North America,,,False
221,10.4039/n09-062,10.4039/n09-062,semantic_scholar,,Effect of Drainage Ditches on Brachycera (Diptera) Diversity in a Southern Quebec Peatland,,,False
222,10.1007/s10980-006-9012-3,10.1007/s10980-006-9012-3,semantic_scholar,,"Effect of landscape context on anuran communities in breeding ponds in the National Capital Region, Canada",,,False
224,10.2980/1195-6860%282007%2914%5B491%3AEOFDOD%5D2.0.CO%3B2,10.2980/1195-6860%282007%2914%5B491%3AEOFDOD%5D2.0.CO%3B2,semantic_scholar,,"Effects of forest disturbance on density, space use, and mortality of woodland caribou",,,False
226,,,semantic_scholar,,Effects of natural and anthropogenic stressors on biomarkers of fish health in spottail shiners (Notropis hudsonius),,,
227,10.1104/PP.75.4.1054,10.1104/PP.75.4.1054,semantic_scholar,,Effects of Temperature and CO(2) Enrichment on Carbon Translocation of Plants of the C(4) Grass Species Echinochloa crus-galli (L.) Beauv. from Cool and Warm Environments.,https://doi.org/10.1104/pp.75.4.1054,https://academic.oup.com/plphys/article-pdf/75/4/1054/35605174/plphys_v75_4_1054.pdf,True
231,10.1139/F05-124,10.1139/F05-124,semantic_scholar,,Empirical study of cyanobacterial toxicity along a trophic gradient of lakes,,,False
233,10.1139/B96-181,10.1139/B96-181,semantic_scholar,,Environmental filters and seedling recruitment on a coastal dune in subarctic Quebec (Canada),,,False
235,10.3732/ajb.1200267,10.3732/ajb.1200267,semantic_scholar,,Episodic recruitment of the seedling banks in balsam fir and white spruce.,https://constellation.uqac.ca/id/eprint/8946/,,True
236,10.1094/PHP-2011-0126-01-RS,10.1094/PHP-2011-0126-01-RS,semantic_scholar,,Evaluation of a dynamic model for primary infections caused by Plasmopara viticola on grapevine in Quebec,,https://doi.org/10.1094/php-2011-0126-01-rs,False
239,,,semantic_scholar,,"Expanded concept of the milliped family Spirobolidae (Diplopoda: Spirobolida: Spirobolidea): Proposals of Aztecolini n. tribe and Floridobolinae/ini and Tylobolini n. stats.; re)descriptions of Floridobolus and F. penneri, both Causey, 1957, and F. orini",,,
243,10.1007/s10980-005-1393-1,10.1007/s10980-005-1393-1,semantic_scholar,,Factors Responsible for the Co-occurrence of Forested and Unforested Rock Outcrops in the Boreal Forest,,,False
244,10.1139/X07-201,10.1139/X07-201,semantic_scholar,,Fire return intervals and tree species succession in the North Shore region of eastern Quebec,,,False
246,10.1155/2012%2F387564,10.1155/2012%2F387564,semantic_scholar,,"First Record of the European Rusted Flea Beetle, Neocrepidodera ferruginea (Scopoli, 1763), in North America (Coleoptera: Chrysomelidae: Galerucinae: Alticini)",https://doi.org/10.1155/2012/387564,https://downloads.hindawi.com/journals/psyche/2012/387564.pdf,True
251,10.1007/978-94-009-5147-1,10.1007/978-94-009-5147-1,semantic_scholar,,Frankia and Actinorhizal Plants,,,False
252,10.5818/1529-9651-27.1-2.36,10.5818/1529-9651-27.1-2.36,semantic_scholar,,Gastro-Duodenal Perforations and Coelomitis in a Group of Juvenile Spiny Softshell Turtles (Apalone spinifera),,,False
256,10.25071/2292-4736%2F37681,10.25071/2292-4736%2F37681,semantic_scholar,,"Hinterland's Whoâ€™s Who: Birding, Multiplicity, and Barn Owls",https://doi.org/10.25071/2292-4736/37681,https://currents.journals.yorku.ca/index.php/currents/article/download/37681/34180,True
265,10.14712/23361964.2015.64,10.14712/23361964.2015.64,semantic_scholar,,"Influence of landscape structure on the functional groups of an aphidophagous guild: Active-searching predators, furtive predators and parasitoids",https://doi.org/10.14712/23361964.2015.64,https://ejes.cz/index.php/ejes/article/download/34/8,True
266,,,semantic_scholar,,Influence of zooplankton stoichiometry on nutrient sedimentation in a lake system,,,
268,10.1007/S10980-021-01300-Z,10.1007/S10980-021-01300-Z,semantic_scholar,,Insectivorous songbirds as early indicators of future defoliation by spruce budworm,https://doi.org/10.1007/s10980-021-01300-z,https://link.springer.com/content/pdf/10.1007/s10980-021-01300-z.pdf,True
269,"Ministe`re des Foreˆts (2020) Cartographie du 5e inventaire e´coforestier du Que´bec me´ridional—Me´thodes et donne´es associe´es. Direction des inventaires forestiers, Que´bec","Ministe`re des Foreˆts (2020) Cartographie du 5e inventaire e´coforestier du Que´bec me´ridional—Me´thodes et donne´es associe´es. Direction des inventaires forestiers, Que´bec",semantic_scholar,,,,,
270,10.1111/J.1654-1103.2012.01479.X,10.1111/J.1654-1103.2012.01479.X,semantic_scholar,,Interactions between overstorey and understorey vegetation along an overstorey compositional gradient,,,False
275,,,semantic_scholar,,low responses of understory plants of maple-dominated forests to white-tailed eer experimental exclusion mÃ©lie Collarda,,,
277,"ministe`re de lAgriculture, des Peˆcheries et de lAlimentation du Quebec, ministe`re des Ressources naturelles et de la Faune du Quebec","ministe`re de lAgriculture, des Peˆcheries et de lAlimentation du Quebec, ministe`re des Ressources naturelles et de la Faune du Quebec",semantic_scholar,,,,,
278,10.21203/rs.3.rs-651074%2Fv1,10.21203/rs.3.rs-651074%2Fv1,semantic_scholar,,"Mid-term Impacts of Silvicultural Treatments on Soils and Understory Plant Diversity in Temperate Hardwood Forests of Quebec, Canada.",https://doi.org/10.21203/rs.3.rs-651074/v1,https://www.researchsquare.com/article/rs-651074/latest.pdf,True
279,,,semantic_scholar,,Modelling individual tree mortality: Tests using the growth efficiency concept with black spruce stands,,,
282,10.1093/jme%2Ftjaa020,10.1093/jme%2Ftjaa020,semantic_scholar,,"Mosquito Species Composition and Abundance in Quebec, Eastern Canada",,,False
285,,,semantic_scholar,,New and noteworthy records of Orthoptera from Maritime Canada,,,
287,10.5751/ace-01979-160226,10.5751/ace-01979-160226,semantic_scholar,,No common pesticides detected in snow buntings utilizing a farmland landscape in eastern QuÃ©bec,https://doi.org/10.5751/ace-01979-160226,http://www.ace-eco.org/vol16/iss2/art26/ACE-ECO-2021-1979.pdf,True
289,10.3897/zookeys.348.6029,10.3897/zookeys.348.6029,semantic_scholar,,"Occurrence of species of the genus Pityophthorus Eichhoff (Coleoptera, Curculionidae, Scolytinae) in the province of Quebec, Canada",https://doi.org/10.3897/zookeys.348.6029,https://zookeys.pensoft.net/article/3468/download/pdf/,True
290,10.1139/CJB-2020-0158,10.1139/CJB-2020-0158,semantic_scholar,,Offsite effects of mining on the frequency and abundance of five understorey plant species in western QuÃ©bec (Canada),,,False
291,10.4039/Ent119195-2,10.4039/Ent119195-2,semantic_scholar,,OVIPOSITION AND NICHE PARTITIONING IN APHIDOPHAGOUS INSECTS ON MAIZE,,,False
295,10.3390/rs12060922,10.3390/rs12060922,semantic_scholar,,"Phenology-Based Mapping of an Alien Invasive Species Using Time Series of Multispectral Satellite Data: A Case-Study with Glossy Buckthorn in QuÃ©bec, Canada",https://doi.org/10.3390/rs12060922,https://www.mdpi.com/2072-4292/12/6/922/pdf?version=1584091823,True
296,10.1007/s10531-018-01688-2,10.1007/s10531-018-01688-2,semantic_scholar,,"Phylogenetic attributes, conservation status and geographical origin of species gained and lost over 50Â years in a UNESCO Biosphere Reserve",,,False
299,10.1648/0273-8570-71.3.472,10.1648/0273-8570-71.3.472,semantic_scholar,,PLAYBACKS OF MOBBING CALLS OF BLACK-CAPPED CHICKADEES AS A METHOD TO ESTIMATE REPRODUCTIVE ACTIVITY OF FOREST BIRDS,,,False
304,10.1111/EFP.12161,10.1111/EFP.12161,semantic_scholar,,Recent insights into the pandemic disease butternut canker caused by the invasive pathogen Ophiognomonia clavigignenti-juglandacearum.,,,False
305,10.1093/SYSBIO%2F35.1.68,10.1093/SYSBIO%2F35.1.68,semantic_scholar,,Reconstructing biogeographic history using phylogenetic-tree analysis of community structure,,,False
306,10.1139/CJB-2017-0193,10.1139/CJB-2017-0193,semantic_scholar,,"Relative pollen productivity estimates and changes in Holocene vegetation cover in the deciduous forest of southeastern Quebec, Canada",,,False
306,10.1139/CJB-2017-0193,10.1139/CJB-2017-0193,semantic_scholar,,"Relative pollen productivity estimates and changes in Holocene vegetation cover in the deciduous forest of southeastern Quebec, Canada",,,False
309,10.1007/s00300-018-2325-2,10.1007/s00300-018-2325-2,semantic_scholar,,"Revisiting the role of migratory caribou in the control of shrub expansion in northern Nunavik (QuÃ©bec, Canada)",,,False
310,10.22621/cfn.v133i2.2219,10.22621/cfn.v133i2.2219,semantic_scholar,,Roadkill of Eastern Newts (Notophthalmus viridescens) in a protected area in Quebec,https://doi.org/10.22621/cfn.v133i2.2219,https://www.canadianfieldnaturalist.ca/index.php/cfn/article/download/2219/2263,True
312,10.2193/2006-253,10.2193/2006-253,semantic_scholar,,"Ruffed Grouse Winter Habitat Use in Mixed Softwoodâ€“Hardwood Forests, QuÃ©bec, Canada",,,False
313,,,semantic_scholar,,"Scientific literature on the origins of Didymo , felt soled wading boots , and vectors for some aquatic invasive species",,,
316,10.1139/X99-040,10.1139/X99-040,semantic_scholar,,Short-term response of wildlife to clear-cutting in Quebec boreal forest: multiscale effects and management implications,,,False
317,10.1007/s10526-005-1517-1,10.1007/s10526-005-1517-1,semantic_scholar,,Soybean Aphid Predators in QuÃ©bec and the Suitability of Aphis glycines as Prey for Three Coccinellidae,,,False
318,10.1038/hdy.1989.90,10.1038/hdy.1989.90,semantic_scholar,,Spatial autocorrelation of genotypes in populations of Impatiens pallida and Impatiens capensis,https://doi.org/10.1038/hdy.1989.90,https://www.nature.com/articles/hdy198990.pdf,True
322,10.1023/A%3A1018699405158,10.1023/A%3A1018699405158,semantic_scholar,,"Structural and functional impairment of the hypothalamo- pituitary-interrenal axis in fish exposed to bleached kraft mill effluent in the St Maurice River, Quebec",,,False
323,10.1007/BF00044848,10.1007/BF00044848,semantic_scholar,,Succession in the southern part of the Canadian boreal forest,,,False
326,10.4141/CJPS83-088,10.4141/CJPS83-088,semantic_scholar,,The biology of Canadian weeds. 59. Setaria glauca (L.) Beauv. and S. verticillata (L.) Beauv.,,http://www.nrcresearchpress.com/doi/pdf/10.4141/cjps83-088,False
329,10.5860/choice.35-0276,10.5860/choice.35-0276,semantic_scholar,,The Eastern Oyster: Crassostrea Virginica,,https://repository.library.noaa.gov/view/noaa/45763/noaa_45763_DS1.pdf,False
330,10.1515/botm.1983.26.7.317,10.1515/botm.1983.26.7.317,semantic_scholar,,The Effect of Light on the Vertical Structure of Epibenthic Diatom Communities,,,False
335,10.1675/063.035.0403,10.1675/063.035.0403,semantic_scholar,,The Importance of Agricultural Landscapes as Key Nesting Habitats for the American Black Duck in Maritime Canada,,,False
345,,,semantic_scholar,,Using bird survey data to associate habitat type and bird species richness in a forest of southern Quebec,,,
346,10.1660/0022-8443%282005%29108%5B0057%3AUSLLNT%5D2.0.CO%3B2,10.1660/0022-8443%282005%29108%5B0057%3AUSLLNT%5D2.0.CO%3B2,semantic_scholar,,Uvularia sessilifolia L. (Liliaceae): New to Kansas,,,False
349,10.1658/1402-2001%282004%29007%5B0183%3AVOSBIH%5D2.0.CO%3B2,10.1658/1402-2001%282004%29007%5B0183%3AVOSBIH%5D2.0.CO%3B2,semantic_scholar,,Vegetation of Sphagnum bogs in highly disturbed landscapes: relative influence of abiotic and anthropogenic factors,,,False
350,10.5558/TFC70369-4,10.5558/TFC70369-4,semantic_scholar,,Volume distribution of eastern white pine in Canada,https://doi.org/10.5558/tfc70369-4,https://pubs.cif-ifc.org/doi/pdf/10.5558/tfc70369-4,True
352,10.1645/GE-2874.1,10.1645/GE-2874.1,semantic_scholar,,Widespread Dispersal of Borrelia burgdorferiâ€“Infected Ticks Collected from Songbirds Across Canada,,,False
353,10.1007/s10722-012-9805-y,10.1007/s10722-012-9805-y,semantic_scholar,,"Wild and weedy Lactuca species, their distribution, ecogeography and ecobiology in USA and Canada",,,False
354,10.1890/06-1056.1,10.1890/06-1056.1,semantic_scholar,,Zooplankton biodiversity and lake trophic state: explanations invoking resource abundance and distribution.,https://doi.org/10.1890/06-1056.1,https://onlinelibrary.wiley.com/doi/pdfdirect/10.1890/06-1056.1,True
355,https://www.semanticscholar.org/paper/8bb942bae58e653a89766c1c43c3be59c9adecb2,https://www.semanticscholar.org/paper/8bb942bae58e653a89766c1c43c3be59c9adecb2,semantic_scholar,,The Effects of Moose (Alces alces) Browsing on Boreal Tree Species in Norway and Quebec,,,
358,https://www.semanticscholar.org/paper/8abff6cb88f4d289e72f445564b3e1e0a93f3e17,https://www.semanticscholar.org/paper/8abff6cb88f4d289e72f445564b3e1e0a93f3e17,semantic_scholar,,Decomposition process and arthropod succession on pig carcasses in Quebec (Canada),,,
359,https://www.semanticscholar.org/paper/fb7465a08bfd3c497ee5e22810257f2837fe967e,https://www.semanticscholar.org/paper/fb7465a08bfd3c497ee5e22810257f2837fe967e,semantic_scholar,,"The effects of collection date, IBA, plant gender, nutrient availability, and rooting volume on adventitious root and lateral shoot formation by Salix planifolia stem cuttings from the Ungava Bay area (Quebec, Canada)",,,
361,https://www.semanticscholar.org/paper/ac9c1d714b0af5a1f4cf1d12ad2978e7d499ccdc,https://www.semanticscholar.org/paper/ac9c1d714b0af5a1f4cf1d12ad2978e7d499ccdc,semantic_scholar,,Integrating multiple sources of biodiversity information greatly expands the range of a rare species of Hymenoptera (Vanhorniidae),,,
362,https://www.semanticscholar.org/paper/a1e124e3e10c32d180d7b2bcfffd5a09f1e3f388,https://www.semanticscholar.org/paper/a1e124e3e10c32d180d7b2bcfffd5a09f1e3f388,semantic_scholar,,Herbarium specimens as tools to assess the impact of large herbivores on plant species,,,
366,https://www.semanticscholar.org/paper/2c57dbd774f46cefc89c016317d15f6788a0acac,https://www.semanticscholar.org/paper/2c57dbd774f46cefc89c016317d15f6788a0acac,semantic_scholar,,The Regeneration of a Highly Disturbed Ecosystem: A Mined Peatland in Southern QuÃ©bec,,,
368,https://www.semanticscholar.org/paper/c728eb4b0cc6a6a3a9209b99c97230381cc6195a,https://www.semanticscholar.org/paper/c728eb4b0cc6a6a3a9209b99c97230381cc6195a,semantic_scholar,,"A NEW LLANDOVERY (EARLY SILURIAN) CONODONT BIOZONATION AND CONODONTS FROM THE BECSCIE, MERRIMACK, AND GUN RIVER FORMATIONS, ANTICOSTI ISLAND, QUÃ‰BEC",,,
369,https://www.semanticscholar.org/paper/d4a0c8dcb4f11ea09a9b4b6c680cf6f9276e0902,https://www.semanticscholar.org/paper/d4a0c8dcb4f11ea09a9b4b6c680cf6f9276e0902,semantic_scholar,,"Elm zigzag sawfly, Aproceros leucopoda (Hymenoptera: Argidae), recorded for the first time in North America through community science",,,
373,https://www.semanticscholar.org/paper/0843d87c1bc06db1293fca788e24c3a57e2f2666,https://www.semanticscholar.org/paper/0843d87c1bc06db1293fca788e24c3a57e2f2666,semantic_scholar,,"Taxonomy of Ordovician ostracodes from western Newfoundland, Anticosti Island and the St. Lawrence Lowlands of QuÃ©bec",,,
376,https://www.semanticscholar.org/paper/3ce88ea2f8adfd2f6a42a9627665baaeecff9f93,https://www.semanticscholar.org/paper/3ce88ea2f8adfd2f6a42a9627665baaeecff9f93,semantic_scholar,,Spatial and temporal dynamics of rabies virus variants in big brown bat populations across Canada: footprints of an emerging zoonosis,,,
381,https://www.semanticscholar.org/paper/acf068e5f448f5ebef877f5acc1e7944abb74633,https://www.semanticscholar.org/paper/acf068e5f448f5ebef877f5acc1e7944abb74633,semantic_scholar,,Mercury in Birds and Mammals,,,
383,https://www.semanticscholar.org/paper/6368343329bef4b0e9a3e2dd13151fd71606e269,https://www.semanticscholar.org/paper/6368343329bef4b0e9a3e2dd13151fd71606e269,semantic_scholar,,Environmental Fate Studies Relating to the Use of Chondrostereum purpureum as a Bioherbicide,,,
389,https://www.semanticscholar.org/paper/269e4859104914d9af1280bad65db9a190662ec2,https://www.semanticscholar.org/paper/269e4859104914d9af1280bad65db9a190662ec2,semantic_scholar,,"Life in mine tailings: microbial population structure across the bulk soil, rhizosphere, and roots of boreal species colonizing mine tailings in northwestern QuÃ©bec",,,
394,https://www.semanticscholar.org/paper/ab7c458f7f3f6463547f275788c5d8ea38ba0039,https://www.semanticscholar.org/paper/ab7c458f7f3f6463547f275788c5d8ea38ba0039,semantic_scholar,,"Temperature-manipulated dynamics and phenology of Mindarus abietinus (Hemiptera: Aphididae) in commercial Christmas tree plantations in QuÃ©bec, Canada",,,
395,https://www.semanticscholar.org/paper/1a70237cc1b280363b77450ad5175dd7742b8704,https://www.semanticscholar.org/paper/1a70237cc1b280363b77450ad5175dd7742b8704,semantic_scholar,,"Multipleâ€locus variableâ€number tandemâ€repeat analysis of Francisella tularensis from Quebec, Canada",,,
397,https://www.semanticscholar.org/paper/6e5de62a2d8a133a669820241de941832419791b,https://www.semanticscholar.org/paper/6e5de62a2d8a133a669820241de941832419791b,semantic_scholar,,"Impacts of spruce budworm defoliation on the habitat of woodland caribou, moose, and their main predators",,,
398,https://www.semanticscholar.org/paper/a1a81dd918d282d6b7be5837e494874d97431b4e,https://www.semanticscholar.org/paper/a1a81dd918d282d6b7be5837e494874d97431b4e,semantic_scholar,,"Distribution and abundance of an allergenic weed, common ragweed (Ambrosia artemisiifolia L.), in rural settings of southern Quebec, Canada.",,,
400,https://www.semanticscholar.org/paper/5d303257de840aa96abfed1894c1def94324d927,https://www.semanticscholar.org/paper/5d303257de840aa96abfed1894c1def94324d927,semantic_scholar,,American Black Duck and Mallard Breeding Distribution and Habitat Relationships along a Forestâ€“Agriculture Gradient in Southern QuÃ©bec,,,
404,https://www.semanticscholar.org/paper/0a5d073f8375bad608feba2e550c228d148122d9,https://www.semanticscholar.org/paper/0a5d073f8375bad608feba2e550c228d148122d9,semantic_scholar,,Estimating the abundance of the Southern Hudson Bay polar bear subpopulation with aerial surveys,,,
405,https://www.semanticscholar.org/paper/85f0733ba1c5eaeac216764a91b430ab0d024e7a,https://www.semanticscholar.org/paper/85f0733ba1c5eaeac216764a91b430ab0d024e7a,semantic_scholar,,Short-term use of different residual forest structures by three sciurid species in a clear-cut boreal landscape,,,
406,https://www.semanticscholar.org/paper/955e2116f1e024772f1d228a85e23de725380546,https://www.semanticscholar.org/paper/955e2116f1e024772f1d228a85e23de725380546,semantic_scholar,,"Breeding-season habitat use by sticklebacks (Pisces: Gasterosteidae) at Isle Verte, Quebec",,,
407,https://www.semanticscholar.org/paper/e764eac4a21590f0eb08bea6862b48611bf0b224,https://www.semanticscholar.org/paper/e764eac4a21590f0eb08bea6862b48611bf0b224,semantic_scholar,,Increased seedling establishment via enemy release at the upper elevational range limit of sugar maple.,,,
408,https://www.semanticscholar.org/paper/778650644829c751498a7f8046a9af80eb78065d,https://www.semanticscholar.org/paper/778650644829c751498a7f8046a9af80eb78065d,semantic_scholar,,Distribution of Plant-Parasitic Nematodes in Quebec Apple Orchards,,,
409,https://www.semanticscholar.org/paper/b4cc32a36c6d46b41a41482a3853b18036544a7a,https://www.semanticscholar.org/paper/b4cc32a36c6d46b41a41482a3853b18036544a7a,semantic_scholar,,Sampling Technique and Seasonal Development of Phytophagous Mirids (Hemiptera: Miridae) on Apple in Southwestern Quebec,,,
410,https://www.semanticscholar.org/paper/a3167c8e77bb915115a12b03e7c848ecbfb6551a,https://www.semanticscholar.org/paper/a3167c8e77bb915115a12b03e7c848ecbfb6551a,semantic_scholar,,Structuring Effects of Deer in Boreal Forest Ecosystems,,,
411,https://www.semanticscholar.org/paper/7c5749d3c72eb5cae22cdf7bb3706335c6f45aed,https://www.semanticscholar.org/paper/7c5749d3c72eb5cae22cdf7bb3706335c6f45aed,semantic_scholar,,Three large fire years threaten resilience of closed crown black spruce forests in eastern Canada,,,
412,https://www.semanticscholar.org/paper/0b686dcec296aff452b9577c3f13918095710355,https://www.semanticscholar.org/paper/0b686dcec296aff452b9577c3f13918095710355,semantic_scholar,,Diversity of Native Endomycorrhizal Fungi in Selected Strawberry Field Soils of Southern Quebec,,,
415,https://www.semanticscholar.org/paper/3ac2c0c50622476040e0eec2636ca7144679003b,https://www.semanticscholar.org/paper/3ac2c0c50622476040e0eec2636ca7144679003b,semantic_scholar,,"Modelling recruitment of Populus tremuloides, Pinus banksiana, and Picea mariana following fire in the mixedwood boreal forest",,,
416,https://www.semanticscholar.org/paper/47dda32f9b4142b76cf33a76f48295482b3a0049,https://www.semanticscholar.org/paper/47dda32f9b4142b76cf33a76f48295482b3a0049,semantic_scholar,,A field experiment to determine the effect of postâ€fire salvage on seedbeds and tree regeneration,,,
417,https://www.semanticscholar.org/paper/6bac326ee11faeec5afcc8330d2dd3b11a722d36,https://www.semanticscholar.org/paper/6bac326ee11faeec5afcc8330d2dd3b11a722d36,semantic_scholar,,Owl winter irruptions as an indicator of small mammal population cycles in the boreal forest of eastern North America,,,
419,https://www.semanticscholar.org/paper/15069a1c27f699fd1c73f38d3d83dec150542401,https://www.semanticscholar.org/paper/15069a1c27f699fd1c73f38d3d83dec150542401,semantic_scholar,,Compositional and functional trajectories of herbaceous communities after deer density control in clear-cut boreal forests,,,
420,https://www.semanticscholar.org/paper/068ad9d75828128041b5fd573022093dee2470a6,https://www.semanticscholar.org/paper/068ad9d75828128041b5fd573022093dee2470a6,semantic_scholar,,Neighbouring plants and perception of predation risk modulate winter browsing by white-tailed deer (Odocoileus virginianus),,,
421,https://www.semanticscholar.org/paper/5b3d1aae6dc8f187270576ce7d608697df92d5dc,https://www.semanticscholar.org/paper/5b3d1aae6dc8f187270576ce7d608697df92d5dc,semantic_scholar,,"Forest composition, hostâ€population density, and parasitism of spruce budworm Choristoneura fumiferana eggs by Trichogramma minutum",,,
423,https://www.semanticscholar.org/paper/9ed892c31685e48936b93f1ad3cdd781e1eb396d,https://www.semanticscholar.org/paper/9ed892c31685e48936b93f1ad3cdd781e1eb396d,semantic_scholar,,Transforming Abandoned Farm Fields to Conifer Plantations Reduces Ruffed Grouse Density,,,
