gt_record_id,record_id,mode,status,title,extraction_method,cost_usd,error_message,pdf_path,data_type,geospatial_info_dataset,spatial_range_km2,temporal_range,temp_range_i,temp_range_f,species,referred_dataset,time_series,multispecies,threatened_species,new_species_science,new_species_region,bias_north_south,valid_yn,reason_not_valid
5,10.1093/jhered/esx103,pdf_native,success,Data from: Paternity analysis of wood turtles (Glyptemys insculpta) reveals complex mating patterns,pdf_native,0.0721,,data\pdfs\fuster\10.1093_jhered_esx103.pdf,"[""genetic_analysis""]","[""site"", ""maps""]",,2006 and 2007,2006,2007,"[""wood turtle (Glyptemys insculpta)""]",Microsatellites genotypes (http://dx.doi.org/10.5061/dryad.121sk),,False,True,,,,yes,
9,10.1371/journal.pone.0128238,pdf_native,success,Data from: Resampling method for applying density-dependent habitat selection theory to wildlife surveys,pdf_native,0.1333,,data\pdfs\fuster\10.1371_journal.pone.0128238.pdf,"[""abundance""]","[""sample"", ""site"", ""maps""]",,"From 27 September to 20 October 2008, over ten consecutive nights; study context mentions rabies cases reported between 2006 and 2009.",2008,2008,"[""raccoon (Procyon lotor L.)"", ""striped skunk (Mephitis mephitis L.)""]","Land cover types delineated on 1:15,000 aerial photographs taken in 1999 by the Ministère des Ressources Naturelles et de la Faune du Québec (MRNF), and crop information from Financière Agricole du Québec.",,True,,,,,yes,
11,10.1371/journal.pone.0073695,pdf_native,success,Data from: Impacts of human disturbance on large prey species: do behavioral reactions translate to fitness consequences?,pdf_native,0.0648,,data\pdfs\fuster\10.1371_journal.pone.0073695.pdf,"[""distribution"", ""time_series""]","[""site"", ""maps""]",7250.0,from late 1998 to early 2001 and from 2004 to 2011,1998,2011,"[""forest-dwelling woodland caribou (Rangifer tarandus caribou)"", ""wolves (Canis lupus)"", ""black bear (Ursus americanus)"", ""moose (Alces alces)""]",Very High Frequency (VHF) telemetry locations collected on 28 individuals from late 1998 to early 2001 in the same population,True,,True,,,,yes,
12,10.1002/ece3.4685,pdf_native,success,"Data from: Natal habitat preference induction in large mammals – Like mother, like child?",pdf_native,0.075,,data\pdfs\fuster\10.1002_ece3.4685.pdf,"[""distribution"", ""presence-only"", ""time_series""]","[""sample"", ""site"", ""maps""]",7250.0,Between April 2004 and March 2008 adult females were captured and monitored until March 2012; calves were captured between spring 2004 and spring 2007; analyses cover 2004–2011.,2004,2012,"[""woodland caribou (Rangifer tarandus caribou)""]",Dryad Digital Repository: https://doi.org/10.5061/dryad.24q6q70,True,False,True,,,,yes,
19,10.1093/jhered/esw073,pdf_native,success,Data from: The genetic signature of range expansion in a disease vector - the black-legged tick,pdf_native,0.0603,,data\pdfs\fuster\10.1093_jhered_esw073.pdf,"[""genetic_analysis""]","[""sample"", ""site"", ""maps""]",2080.0,between 2011 and 2014,2011,2014,"[""black-legged tick"", ""Ixodes scapularis""]",Dryad,,,,,,,yes,
24,10.1002/ece3.3906,pdf_native,success,"Data from: Influence of northern limit range on genetic diversity and structure in a widespread North American tree, sugar maple (Acer saccharum Marshall)",pdf_native,0.0786,,data\pdfs\fuster\10.1002_ece3.3906.pdf,"[""genetic_analysis""]","[""sample"", ""site"", ""maps""]",357653.0,collected in 2008 and 2009,2008,2009,"[""sugar maple (Acer saccharum Marshall)""]","large inventory databases; EFE and ecoforestry maps obtained from the ministère des Forêts, de la Faune et des Parcs du Québec (MFFPQ); Dryad doi: 10.5061/dryad.36634",,,,,,True,yes,
27,10.1111/ddi.12496,pdf_native,success,Data from: Patchy distribution and low effective population size raise concern for an at-risk top predator,pdf_native,0.0595,,data\pdfs\fuster\10.1111_ddi.12496.pdf,"[""genetic_analysis"", ""presence-only""]","[""site"", ""maps""]",13993.0,between 2003 and 2014,2003,2014,"[""Eastern Wolf (Canis lycaon)"", ""Eastern Coyote"", ""Great Lakes-Boreal Wolf"", ""Dog"", ""Canis individuals""]","Previously published Canis genotype datasets from Algonquin Provincial Park, north-eastern Ontario, and south-eastern Ontario/Dogs (Rutledge et al. 2010a; Wheeldon et al. 2013; Benson et al. 2012a,b).",,True,True,,True,,yes,
29,10.1002/ece3.1476,pdf_native,success,"Data from: Ecological gradients driving the distribution of four Ericaceae in boreal Quebec, Canada",pdf_native,0.0989,,data\pdfs\fuster\10.1002_ece3.1476.pdf,"[""abundance""]","[""sample"", ""site"", ""maps""]",535355.0,between 1986 and 2000,1986,2000,"[""Rhododendron groenlandicum"", ""Kalmia angustifolia"", ""Chamaedaphne calyculata"", ""Vaccinium angustifolium"", ""Vaccinium myrtilloides""]",governmental ecological survey dataset; SIFORT (Spatial Information on Forest composition based on Tesserae) geospatial database,,True,,,,True,yes,
30,10.1186/s40462-016-0079-4,pdf_native,success,"Data from: Caribou, water, and ice – fine-scale movements of a migratory arctic ungulate in the context of climate change",pdf_native,0.0904,,data\pdfs\fuster\10.1186_s40462-016-0079-4.pdf,"[""distribution"", ""time_series""]","[""sample"", ""site"", ""maps"", ""geographic_features""]",630000.0,2007 to 2014 for GPS telemetry caribou data; ice data from 2000 to 2014; historical Lake Nichicun ice observations from 1947 to 1985,2007,2014,"[""migratory caribou Rangifer tarandus caribou""]",MODIS / Terra Snow Cover 8-Day L3 Global 500 m Grid v. 5; historical Lake Nichicun breakup/freeze observations (1947–1985),True,,True,,,True,yes,
31,10.1111/eva.12028,pdf_native,success,Data from: Reduced fitness of Atlantic salmon released in the wild after one generation of captive-breeding,pdf_native,0.0598,,data\pdfs\fuster\10.1111_eva.12028.pdf,"[""genetic_analysis"", ""abundance""]","[""sample"", ""site"", ""maps""]",,from 2002 to 2005,2002,2005,"[""Atlantic salmon (Salmo salar)""]",Dryad doi:10.5061/dryad.4k739,True,False,,,,,yes,
37,10.1002/ece3.1029,pdf_native,success,Data from: Fitness dynamics within a poplar hybrid zone: I. Prezygotic and postzygotic barriers impacting a native poplar hybrid stand.,pdf_native,0.0925,,data\pdfs\fuster\10.1002_ece3.1029.pdf,"[""genetic_analysis"", ""traits"", ""presence-only""]","[""site"", ""maps""]",1360000.0,sampled in 2007 and 2009–2011,2007,2011,"[""Populus balsamifera"", ""Populus deltoides"", ""native hybrids of P. balsamifera \u00d7 P. deltoides"", ""exotic hybrids containing P. nigra and P. maximowiczii alleles"", ""Melampsora larici-populina"", ""Melampsora medusae f. sp. deltoidae"", ""Melampsora occidentalis""]",Dryad data repository (http://doi:10.5061/dryad.63fr7),,True,,,,,yes,
38,10.1371/journal.pone.0204445,pdf_native,success,Data from: Temporal dynamics in animal community assembly during post-logging succession in boreal forest,pdf_native,0.1375,,data\pdfs\fuster\10.1371_journal.pone.0204445.pdf,"[""abundance"", ""presence-only"", ""ecosystem_structure""]","[""site"", ""maps"", ""administrative_units""]",,"2007 and 2011; post-harvest stand ages 4-66 years, with old-growth stands >120 years old",2007,2011,"[""small mammals"", ""beetles"", ""red squirrel (Tamiasciurus hudsonicus)"", ""eastern chipmunk (Tamias striatus)"", ""shrews (Sorex spp.)"", ""deer mouse (Peromyscus maniculatus)"", ""rock vole (Microtus chrotorrhinus)"", ""southern bog lemming (Synaptomys cooperi)"", ""red-backed vole (Myodes gapperi)"", ""black spruce (Picea mariana)"", ""balsam fir (Abies balsamea)"", ""paper birch (Betula papyrifera)"", ""trembling aspen (Populus tremuloides)""]","Third decadal forest inventory program (Eco-forestry Information System, Ministère des Ressources naturelles et de la Faune du Québec), together with information from Resolute Forest Products and Arbec Forest Products Inc.",,True,,,,True,yes,
39,10.1098/rspb.2014.0649,pdf_native,success,Data from: Severe recent decrease of adult body mass in a declining insectivorous bird population,pdf_native,0.0879,,data\pdfs\fuster\10.1098_rspb.2014.0649.pdf,"[""traits"", ""abundance"", ""time_series""]","[""site"", ""maps""]",10200.0,from 2005 to 2011,2005,2011,"[""tree swallow (Tachycineta bicolor)""]",Dryad Digital Repository (doi:10.5061/dryad.67t23),True,,,,,,yes,
56,10.1111/eva.12315,pdf_native,success,Data from: Multidimensional environmental influences on timing of breeding in a tree swallow population facing climate change,pdf_native,0.067,,data\pdfs\fuster\10.1111_eva.12315.pdf,"[""abundance"", ""time_series""]","[""sample"", ""site"", ""maps"", ""geographic_features""]",10200.0,"between 2004 and 2013, during the breeding season (April to August)",2004,2013,"[""tree swallow (Tachycineta bicolor)""]",Environment Canada meteorological station data; Dryad Digital Repository (study data archived at http://dx.doi.org/10.5061/dryad.87jb3),True,,,,,,yes,
71,10.1111/1365-2664.12675,pdf_native,success,Data from: Threshold dynamics in plant succession after tree planting in agricultural riparian zones,pdf_native,0.0638,,data\pdfs\fuster\10.1111_1365-2664.12675.pdf,"[""abundance"", ""ecosystem_structure""]","[""sample"", ""site"", ""maps"", ""geographic_features""]",259.0,sampled during the summer of 2012; chronosequence of sites planted 3–17 years prior to sampling (plantings from 1995 to 2009),1995,2012,"[""herbaceous plant species (203 species inventoried)"", ""Fraxinus pennsylvanica"", ""Acer saccharum"", ""Picea glauca"", ""Larix laricina"", ""Quercus rubra"", ""Quercus macrocarpa"", ""Bromus inermis"", ""Phalaris arundinacea"", ""Equisetum arvense"", ""Artemisia vulgaris"", ""Solidago canadensis"", ""Dryopteris carthusiana"", ""Athyrium filix-femina"", ""Trillium erectum"", ""Rubus pubescens""]",Dryad Digital Repository doi:10.5061/dryad.b46k4,,True,,,,,yes,
89,10.1890/12-2118.1,pdf_native,success,Data from: Logging-induced changes in habitat network connectivity shape behavioral interactions in the wolf-caribou-moose system,pdf_native,0.1247,,data\pdfs\fuster\10.1890_12-2118.1.pdf,"[""distribution""]","[""sample"", ""maps"", ""geographic_features""]",33900.0,from March 2005 to March 2009,2005,2009,"[""caribou (Rangifer tarandus caribou)"", ""moose (Alces alces)"", ""wolves (Canis lupus)""]",Dryad: http://dx.doi.org/10.5061/dryad.h65f4,True,True,True,,,True,yes,
91,10.1002/ece3.1266,pdf_native,success,Data from: Genetic connectivity among swarming sites in the wide ranging and recently declining little brown bat (Myotis lucifugus),pdf_native,0.0948,,data\pdfs\fuster\10.1002_ece3.1266.pdf,"[""genetic_analysis""]","[""site"", ""maps"", ""administrative_units"", ""site_ids""]",,autumns of 2009–2011 (10 August to 06 October),2009,2011,"[""Myotis lucifugus"", ""little brown bat""]","Dryad Digital Repository (microsatellite data as a GENEPOP input file, STRUCTURE input file and parameters, and DNA sequence data as an ARLEQUIN input file)",,,True,,,,yes,
101,10.1371/journal.pone.0077514,pdf_native,success,Data from: Disentangling woodland caribou movements in response to clearcuts and roads across temporal scales,pdf_native,0.0847,,data\pdfs\fuster\10.1371_journal.pone.0077514.pdf,"[""distribution"", ""time_series""]","[""sample"", ""site"", ""administrative_units""]",31000.0,between 2004 and 2010,2004,2010,"[""woodland caribou (Rangifer tarandus caribou)"", ""moose (Alces alces)"", ""gray wolf (Canis lupus)"", ""black bear (Ursus americanus)""]",Digitized ecoforest maps provided by the Ministère des Ressources naturelles et de la Faune du Québec (MRNF); access to additional caribou telemetry data provided by the Essipit First Nation and A. Chabot; Dryad Digital Repository: http://dx.doi.org/10.5061/dryad.n3c2f,True,,True,,,True,yes,
104,10.1038/s41598-018-34822-9,pdf_native,success,Data from: Compensatory conservation measures for an endangered caribou population under climate change,pdf_native,0.0625,,data\pdfs\fuster\10.1038_s41598-018-34822-9.pdf,"[""distribution""]","[""range"", ""distribution"", ""maps"", ""administrative_units""]",25000.0,VHF data collected from 1998 to 2001; future landscape scenarios projected to 2080; simulations of 4 years duration,1998,2001,"[""Atlantic-Gasp\u00e9sie caribou"", ""boreal caribou"", ""Rangifer tarandus caribou""]","Ecoforestry maps and road database provided by the Ministère des Forêts, de la Faune et des Parcs du Québec; caribou telemetry data provided by the Université du Québec à Rimouski; habitat quality layers for 24 scenarios deposited in Dryad",,False,True,,,False,yes,
123,10.1098/rspb.2014.0502,pdf_native,success,Data from: Temporally dynamic habitat suitability predicts genetic relatedness among caribou,pdf_native,0.0803,,data\pdfs\fuster\10.1098_rspb.2014.0502.pdf,"[""genetic_analysis"", ""distribution""]","[""sample"", ""maps"", ""distribution""]",1365000.0,daily habitat suitability models across Julian days within a year,,,"[""caribou (Rangifer tarandus)""]","ARGOS radio-telemetry data, tissue samples/genotyped microsatellite data, remote-sensed environmental variables, Dryad doi:10.5061/dryad.qn1cj",True,False,,,,True,yes,
175,10.5558/tfc76653-4,pdf_native,success,"Ã‰valuation de la coupe avec protection de la rÃ©gÃ©nÃ©ration et des sols comme mÃ©thode de rÃ©gÃ©nÃ©ration de peuplements mÃ©langÃ©s du domaine bioclimatique de la sapiniÃ¨re Ã  bouleau jaune de l'est du QuÃ©bec, Canada",pdf_native,0.1094,,data\pdfs\fuster\10.5558_TFC76653-4.pdf,"[""abundance"", ""density""]","[""sample"", ""site"", ""maps""]",35.0,sites harvested in 1992; field study conducted in summer 1997; regeneration quantified five years after logging,1992,1997,"[""Abies balsamea"", ""Picea glauca"", ""Betula alleghaniensis"", ""Betula papyrifera"", ""Acer spicatum"", ""Prunus pensylvanica"", ""Rubus idaeus"", ""Epilobium angustifolium"", ""Corylus cornuta"", ""Sorbus americana"", ""Sambucus pubens""]",Ministère des Ressources naturelles du Québec (MRNQ) procedure for forest ecosystem description,,True,,,,,yes,
201,10.1086/671900,pdf_native,success,Comparative Physiology and Relative Swimming Performance of Three Redhorse (Moxostoma spp.) Species: Associations with Fishway Passage Success*,pdf_native,0.063,,data\pdfs\fuster\10.1086_671900.pdf,"[""traits"", ""abundance""]","[""sample"", ""site"", ""maps""]",,"2010 and 2012 fishway passage data; respirometry in May 30–June 13, 2011; swimming performance and blood physiology in April 22–May 25, 2012; fishway monitored for passage between May 14 and July 10, 2012",2010,2012,"[""Moxostoma anisurum"", ""Moxostoma carinatum"", ""Moxostoma macrolepidotum"", ""Moxostoma hubbsi""]",Quebec Ministere des Ressources Naturelles et de la Faune unpublished data; 2010 data from Thiem et al. (2013),,True,True,,,,yes,
208,10.3389/fmars.2021.637546,pdf_native,success,Determining the Ecological Status of Benthic Coastal Communities: A Case in an Anthropized Sub-Arctic Area,pdf_native,0.0876,,data\pdfs\fuster\10.3389_fmars.2021.637546.pdf,"[""abundance"", ""traits"", ""ecosystem_structure""]","[""sample"", ""maps"", ""geographic_features""]",,sampled in July 2017; heavy metal concentrations estimated from values obtained in the same area in 2014 and 2016,2014,2017,"[""benthic macrofauna"", ""macrobenthic invertebrates"", ""132 taxa belonging to eight phyla"", ""arthropods"", ""mollusks"", ""annelids"", ""Micronephthys neotena"", ""Eudorellopsis integra"", ""Protomedeia grandimana"", ""Nematoda (adults)"", ""Macoma calcarea"", ""Echinarachnius parma"", ""Strongylocentrotus sp."", ""Cossura longocirrata"", ""Eteone sp."", ""Hediste diversicolor"", ""Praxillella praetermissa"", ""Ameroculodes edwardsi"", ""Ampelisca vadorum"", ""Byblis gaimardii"", ""Lysianassidae"", ""Maera danae"", ""Phoxocephalus holbolli"", ""Pontoporeia femorata"", ""Quasimelita formosa"", ""Quasimelita quadrispinosa""]","Heavy metal concentrations retrieved from a database hosted by Carrière (2018) using values obtained in 2014 and 2016; trait information from WoRMS, SeaLifeBase, Encyclopedia of Life, and Arctic Traits databases",,True,,,,True,yes,
225,10.1371/journal.pone.0109261,pdf_native,success,"Effects of Habitat-Forming Species Richness, Evenness, Identity, and Abundance on Benthic Intertidal Community Establishment and Productivity",pdf_native,0.0618,,data\pdfs\fuster\10.1371_journal.pone.0109261.pdf,"[""abundance"", ""species_richness"", ""ecosystem_function""]","[""sample"", ""site""]",,May 14th 2011 to September 4th 2011,2011,2011,"[""Fucus distichus edentatus"", ""Fucus vesiculosus"", ""Mytilus spp."", ""Mytilus edulis"", ""Mytilus trossulus"", ""45 associated species (algae: 13; animals: 32)""]",St. Lawrence Global Observatory (SLGO.ca) water temperature data; July 2010 productivity values from 20 natural plots on the same site,,True,False,False,False,,yes,
253,10.1111/eva.13248,pdf_native,success,Genomic data support management of anadromous Arctic Char fisheries in Nunavik by highlighting neutral and putatively adaptive genetic variation,pdf_native,0.1141,,data\pdfs\fuster\10.1111_eva.13248.pdf,"[""genetic_analysis""]","[""sample"", ""site"", ""maps""]",,,,,"[""Arctic Char (Salvelinus alpinus)""]",NCBI SRA accession PRJNA655216,,,,,,True,yes,
258,10.1111/ecog.00997,pdf_native,success,"Host phenology, geographic range size and regional occurrence explain interspecific variation in damselflyâ€“water mite associations",pdf_native,0.0678,,data\pdfs\fuster\10.1111_ECOG.00997.pdf,"[""abundance"", ""genetic_analysis"", ""species_richness""]","[""site"", ""maps"", ""administrative_units""]",,weekly for eight weeks in June and July 2011,2011,2011,"[""16 damselfly species (Coenagrionidae): Amphiagrion saucium, Chromagrion conditum, Coenagrion interrogatum, Coenagrion resolutum, Enallagma aspersum, Enallagma boreale, Enallagma carunculatum, Enallagma cyathigerum, Enallagma ebrium, Enallagma geminatum, Enallagma hageni, Enallagma signatum, Ischnura posita, Ischnura verticalis, Nehalennia gracilis, Nehalennia irene"", ""water mites (Arrenuridae; Arrenurus spp.), 15 operational taxonomic units (OTUs)""]",Odonata Central database; GenBank; Barcode of Life Database (BOLD),,True,,,,,yes,
271,10.1603/0013-8746%282006%2999%5b536%3aiopmiq%5d2.0.co%3b2,pdf_native,success,Inventory of Predacious Mites in Quebec Commercial Apple Orchards Where Integrated Pest Management Programs Are Implemented,pdf_native,0.052,,data\pdfs\fuster\10.1603_0013-8746%282006%2999%5B536%3AIOPMIQ%5D2.0.CO%3B2.pdf,"[""abundance""]","[""site"", ""administrative_units""]",350.0,from 1999 to 2000 inclusive; sampled weekly from 28 June to 28 September in 1999 and from 12 July to 13 September in 2000,1999,2000,"[""Amblyseius fallacis"", ""Typhlodromus caudiglans"", ""Agistemus fleschneri"", ""Typhlodromus conspicuous"", ""Typhlodromus herbertae"", ""Typhlodromus longipilus"", ""Typhlodromus bakeri"", ""Typhlodromus pyri"", ""Amblyseius okanagensis"", ""Amblyseius finlandicus"", ""Anystis baccarum"", ""Balaustium sp.""]",,True,True,,,True,,yes,
315,10.1603/en10045,pdf_native,success,Selected Beetle Assemblages Captured in Pitfall Traps Baited with Deer Dung or Meat in Balsam Fir and Sugar Maple Forests of Central Quebec,pdf_native,0.0452,,data\pdfs\fuster\10.1603_EN10045.pdf,"[""abundance"", ""species_richness""]","[""sample"", ""site"", ""maps""]",,5-13 July 2006,2006,2006,"[""coprophilous and necrophagous beetles; Histeridae; Hydrophilidae; Scarabaeidae; Silphidae; Leiodidae; Ptilidae; Staphylinidae; Trogidae; Hister furtivus; Margarinotus egregius; Margarinotus faedatus; Margarinotus hudsonicus; Margarinotus lecontei; Cercyon assecla; Cercyon minusculus; Cercyon pygmaeus; Cryptopleurum minutum; Gnathoncus communis; Dialytes striatulus; Onthophagus hecate hecate; Necrodes surinamensis; Necrophila americana; Oiceoptoma noveboracense; Nicrophorus defodiens; Nicrophorus investigator; Nicrophorus orbicollis; Nicrophorus pustulatus; Nicrophorus sayi; Nicrophorus tomentosus""]",,,True,True,,,,yes,
343,10.3390/ijgi7090335,pdf_native,success,Towards Modelling Future Trends of Quebec's Boreal Birds' Species Distribution under Climate Change,pdf_native,0.0783,,data\pdfs\fuster\10.3390_ijgi7090335.pdf,"[""abundance"", ""distribution"", ""species_richness""]","[""sample"", ""site"", ""distribution"", ""maps""]",1600000.0,current observations from 1980–2013; present climate 1950–2000 average; future projections for 2050 (2041–2060 average) and 2070 (2061–2080 average),1980,2070,"[""Setophaga ruticilla"", ""Setophaga castanea"", ""Poecile atricapillus"", ""Poecile hudsonicus"", ""Melanitta americana"", ""Mniotilta varia"", ""Corvus corax"", ""Acanthis flammea"", ""Junco hyemalis"", ""Hesperiphona vespertina"", ""Passerella iliaca"", ""Regulus satrapa"", ""Perisoreus canadensis"", ""Melospiza lincolnii"", ""Lanius excubitor"", ""Contopus cooperi"", ""Haemorhous purpureus"", ""Pinicola enucleator"", ""Setophaga pinus"", ""Euphagus carolinus"", ""Sitta canadensis"", ""Regulus calendula"", ""Loxia curvirostra"", ""Vireo olivaceus"", ""Bonasa umbellus"", ""Falcipennis canadensis"", ""Tringa solitaria"", ""Actitis macularius"", ""Melanitta perspicillata"", ""Melospiza georgiana"", ""Catharus ustulatus"", ""Catharus fuscescens"", ""Zonotrichia leucophrys"", ""Numenius phaeopus"", ""Loxia leucoptera"", ""Melanitta deglandi"", ""Empidonax flaviventris""]","Birds’ abundance data were provided by eBird; explanatory variables from WorldClim, National Topographic Data Base of Canada, Global Forest Watch Canada, and Canadian Forest Inventory of 2001.",,True,,,,True,yes,
351,10.1603/0013-8746%282005%29098%5b0565%3awccdaa%5d2.0.co%3b2,pdf_native,success,Weevil (Coleoptera: Curculionoidea) Diversity and Abundance in Two Quebec Vineyards,pdf_native,0.0415,,data\pdfs\fuster\10.1603_0013-8746%282005%29098%5B0565%3AWCCDAA%5D2.0.CO%3B2.pdf,"[""abundance"", ""species_richness""]","[""sample"", ""site""]",,from 1997 to 1999,1997,1999,"[""weevils (Coleoptera: Curculionoidea)"", ""73 species in three families of Curculionoidea"", ""Anthribidae"", ""Brentidae"", ""Curculionidae"", ""Barypeithes pellucidus"", ""Otiorhynchus ovatus"", ""Otiorhynchus sulcatus"", ""Madarellus undulatus"", ""Ceutorhynchus oregonensis"", ""Pelenomus waltoni"", ""Rhinoncus perpendicularis"", ""Sphenophorus minimus""]",Bostanian et al. (2003),True,True,,,True,,yes,
